<beast version='2.0'
       namespace='beast.core
                  :beast.core.util
                  :beast.evolution.operators
                  :beast.core.parameter
                  :beast.evolution.tree
                  :beast.evolution.tree.coalescent
                  :beast.evolution.alignment
                  :beast.phylodynamics.epidemiology'>

  <taxonset id='taxa' spec='TaxonSet'>
    <taxon id='t1' spec='Taxon'/>
    <taxon id='t2' spec='Taxon'/>
    <taxon id='t3' spec='Taxon'/>
    <taxon id='t4' spec='Taxon'/>
    <taxon id='t5' spec='Taxon'/>
    <taxon id='t6' spec='Taxon'/>
    <taxon id='t7' spec='Taxon'/>
    <taxon id='t8' spec='Taxon'/>
    <taxon id='t9' spec='Taxon'/>
    <taxon id='t10' spec='Taxon'/>
    <taxon id='t11' spec='Taxon'/>
    <taxon id='t12' spec='Taxon'/>
    <taxon id='t13' spec='Taxon'/>
    <taxon id='t14' spec='Taxon'/>
    <taxon id='t15' spec='Taxon'/>
    <taxon id='t16' spec='Taxon'/>
    <taxon id='t17' spec='Taxon'/>
    <taxon id='t18' spec='Taxon'/>
    <taxon id='t19' spec='Taxon'/>
    <taxon id='t20' spec='Taxon'/>
  </taxonset>

  <trait id='tipDates' spec='TraitSet' traitname='date-backward'>
    t1=0,
    t2=1,
    t3=2,
    t4=3,
    t5=4,
    t6=5,
    t7=6,
    t8=7,
    t9=8,
    t10=9,
    t11=10,
    t12=11,
    t13=12,
    t14=13,
    t15=14,
    t16=15,
    t17=16,
    t18=17,
    t19=18,
    t20=19
    <taxa idref='taxa'/>
  </trait>
  
  <tree spec='RandomTree' id="tree">
    <taxonset idref="taxa"/>
    <trait idref="tipDates"/>
    <populationModel spec='ConstantPopulation' popSize="1.0"/>
  </tree>
  
  <run spec="MCMC" id="mcmc" chainLength="10000000">
    
    <state>
      <stateNode idref="tree"/>
    </state>
    
    <distribution spec="CompoundDistribution" id="posterior">
      <!--distribution spec='beast.math.distributions.MRCAPrior' tree="@tree" taxonset="@taxa">
        <distr spec='beast.math.distributions.Uniform' lower="0" upper="30"/>
      </distribution-->
      <distribution id="coalescent" spec="Coalescent">
        <treeIntervals spec='TreeIntervals' id='treeIntervals'>
          <tree idref="tree"/>
        </treeIntervals>
        
        <populationModel spec="SIRPopulationFunction" id='popFunc'>
          <volzSIR spec="DeterministicSIR" id="volzSIR"
                   integrationStepCount='1001'>
            <beta spec='RealParameter' value="0.00075"/>
            <gamma spec='RealParameter' value="0.3"/>
            <n_S0 spec='RealParameter' value="999"/>
            <origin spec='RealParameter' value="30"/>
          </volzSIR>
        </populationModel>
        
      </distribution>
    </distribution>
    
    
    <!-- OPERATORS -->
    <operator id='treeScaler' spec='ScaleOperator' scaleFactor="0.5" weight="1">
      <tree idref="tree"/>
    </operator>
    <operator spec='Uniform' weight="10">
      <tree idref="tree"/>
    </operator>
    <operator spec='SubtreeSlide' weight="5" gaussian="true" size="1.0">
      <tree idref="tree"/>
    </operator>
    <operator id='narrow' spec='Exchange' isNarrow='true' weight="1">
      <tree idref="tree"/>
    </operator>
    <operator id='wide' spec='Exchange' isNarrow='false' weight="1">
      <tree idref="tree"/>
    </operator>
    <operator spec='WilsonBalding' weight="1">
      <tree idref="tree"/>
    </operator>


    <logger logEvery="1000" fileName="$(filebase).log">
      <log spec='TreeHeightLogger' tree="@tree"/> 
    </logger>

    <logger logEvery="1000" fileName="$(filebase).trees">
      <log idref="tree"/>
    </logger>

    
    <logger logEvery="1000">
      <log idref="posterior"/>
      <log spec='TreeHeightLogger' tree="@tree"/> 
    </logger>

    </run>

</beast>

