<beast version='2.0'
       namespace='beast.core
                  :beast.core.util
                  :beast.evolution.operators
                  :beast.core.parameter
                  :beast.evolution.tree
                  :beast.evolution.tree.coalescent
                  :beast.evolution.alignment
                  :beast.phylodynamics.epidemiology
                  :master
                  :master.steppers
                  :master.model
                  :master.conditions
                  :master.outputs'>

  <taxonset id='taxa' spec='TaxonSet'>
    <taxon id='t1' spec='Taxon'/>
    <taxon id='t2' spec='Taxon'/>
    <taxon id='t3' spec='Taxon'/>
    <taxon id='t4' spec='Taxon'/>
    <taxon id='t5' spec='Taxon'/>
    <taxon id='t6' spec='Taxon'/>
    <taxon id='t7' spec='Taxon'/>
    <taxon id='t8' spec='Taxon'/>
    <taxon id='t9' spec='Taxon'/>
    <taxon id='t10' spec='Taxon'/>
    <taxon id='t11' spec='Taxon'/>
    <taxon id='t12' spec='Taxon'/>
    <taxon id='t13' spec='Taxon'/>
    <taxon id='t14' spec='Taxon'/>
    <taxon id='t15' spec='Taxon'/>
    <taxon id='t16' spec='Taxon'/>
    <taxon id='t17' spec='Taxon'/>
    <taxon id='t18' spec='Taxon'/>
    <taxon id='t19' spec='Taxon'/>
    <taxon id='t20' spec='Taxon'/>
  </taxonset>

  <trait id='tipDates' spec='TraitSet' traitname='date-backward'>
    t1=0,
    t2=1,
    t3=2,
    t4=3,
    t5=4,
    t6=5,
    t7=6,
    t8=7,
    t9=8,
    t10=9,
    t11=10,
    t12=11,
    t13=12,
    t14=13,
    t15=14,
    t16=15,
    t17=16,
    t18=17,
    t19=18,
    t20=19
    <taxa idref='taxa'/>
  </trait>
  
  <tree spec='RandomTree' id="tree">
    <taxonset idref="taxa"/>
    <trait idref="tipDates"/>
    <!--populationModel spec='ConstantPopulation' popSize="1.0"/-->

    <!-- Use the deterministic coalescent model for state initialization
    as the "exact approximate" MCMC used by StochasticCoalescent is quite
    sensitive to the initial state. -->
    <populationModel spec='PopulationFunctionFromMaster'
                     origin="30"
                     popSizeExpression="I/(2*0.00075*S)"
                     simulationTime="30"
                     popSizeStart="1.0"
                     verbosity="0">

      <stepper spec='RateEquationStepper' stepSize="0.01"/>
          
      <model spec='Model' id='model'>
        <population spec='Population' id='S' populationName='S'/>
        <population spec='Population' id='I' populationName='I'/>
        <population spec='Population' id='R' populationName='R'/>
        
        <reaction spec='Reaction' reactionName="Infection" rate="0.00075">
          S + I -> 2I
        </reaction>
        <reaction spec='Reaction' reactionName="Recovery" rate="0.3">
          I -> R
        </reaction>
      </model>
      
      <initialState spec='InitState'>
        <populationSize spec='PopulationSize' population='@S' size='999'/>
        <populationSize spec='PopulationSize' population='@I' size='1'/>
      </initialState>
      
      <populationEndCondition spec='PopulationEndCondition' population="@I"
                              threshold="0" exceedCondition="false" isRejection="true"/>
      
    </populationModel>
  </tree>
  
  <run spec="MCMC" id="mcmc" chainLength="10000000">
    
    <state>
      <stateNode idref="tree"/>
    </state>
    
    <distribution spec="CompoundDistribution" id="posterior">
      <distribution id="coalescent" spec="StochasticCoalescent" minTraj="5" minTrajSuccess="0">
        <treeIntervals spec='TreeIntervals' id='treeIntervals'>
          <tree idref="tree"/>
        </treeIntervals>
        
        <populationModel spec="SIRPopulationFunction" id='popFunc'>
          <volzSIR spec="StochasticSIR" id="volzSIR"
                   integrationStepCount='1001'
                   numSamplesFromTrajectory='1001'>
            <beta spec='RealParameter' value="0.00075"/>
            <gamma spec='RealParameter' value="0.3"/>
            <n_S0 spec='RealParameter' value="999"/>
            <origin spec='RealParameter' value="30"/>
          </volzSIR>
        </populationModel>
        
      </distribution>
    </distribution>
    
    
    <!-- OPERATORS -->
    <operator id='treeScaler' spec='ScaleOperator' scaleFactor="0.5" weight="1">
      <tree idref="tree"/>
    </operator>
    <operator spec='Uniform' weight="10">
      <tree idref="tree"/>
    </operator>
    <operator spec='SubtreeSlide' weight="5" gaussian="true" size="1.0">
      <tree idref="tree"/>
    </operator>
    <operator id='narrow' spec='Exchange' isNarrow='true' weight="1">
      <tree idref="tree"/>
    </operator>
    <operator id='wide' spec='Exchange' isNarrow='false' weight="1">
      <tree idref="tree"/>
    </operator>
    <operator spec='WilsonBalding' weight="1">
      <tree idref="tree"/>
    </operator>


    <logger logEvery="1000" fileName="$(filebase).log">
      <log spec='TreeHeightLogger' tree="@tree"/> 
    </logger>

    <logger logEvery="1000" fileName="$(filebase).trees">
      <log idref="tree"/>
    </logger>
    
    <logger logEvery="1000">
      <log idref="posterior"/>
      <log spec='TreeHeightLogger' tree="@tree"/> 
      <log idref="volzSIR"/>
    </logger>

    </run>

</beast>

