<?xml version="1.0" encoding="UTF-8" standalone="no"?><beast namespace="beast.core:beast.evolution.alignment:beast.evolution.tree.coalescent:beast.core.util:beast.evolution.nuc:beast.evolution.operators:beast.evolution.sitemodel:beast.evolution.substitutionmodel:beast.evolution.likelihood" required="" version="2.6">


    


    


    


    


<run id="twodeme.stlhout" spec="phydyn.run.LikelihoodOut">
    <stlikelihood id="twodeme.stlh" spec="phydyn.distribution.STreeLikelihoodODE">
        <popmodel id="twodeme" spec="phydyn.model.PopModelODE">
            <matrixeqs>
     F(I0,I0) = k0*I0;
     F(I1,I0) = k1*I1;
     G(I0,I1) = gamma0*I0;
     D(I0) = 0;
     D(I1) = gamma1*I1;
     dot(S) = b*S-(beta0*I0+beta1*I1)*S;
   </matrixeqs>
            <definitions> 
  	k0 = beta0*S; k1 = beta1*S;
   </definitions>
            <popParams id="initValues" spec="phydyn.model.TrajectoryParameters" integrationSteps="1001" t1="20.0">
                <parameter id="RealParameter" spec="parameter.RealParameter" lower="0.0" name="t0" upper="0.0">0.0</parameter>
                <initialValue id="ParamValue" spec="phydyn.model.ParamValue" pname="I0">
                    <parameter id="RealParameter1" spec="parameter.RealParameter" lower="0.0" name="pvalue" upper="0.0">1.0</parameter>
                </initialValue>
                <initialValue id="ParamValue1" spec="phydyn.model.ParamValue" pname="I1">
                    <parameter id="RealParameter2" spec="parameter.RealParameter" lower="0.0" name="pvalue" upper="0.0">0.0</parameter>
                </initialValue>
                <initialValue id="ParamValue2" spec="phydyn.model.ParamValue" pname="S">
                    <parameter id="RealParameter3" spec="parameter.RealParameter" lower="0.0" name="pvalue" upper="0.0">999.0</parameter>
                </initialValue>
            </popParams>
            <modelParams id="rates" spec="phydyn.model.ModelParameters">
                <param id="ParamValue3" spec="phydyn.model.ParamValue" pname="beta0">
                    <parameter id="RealParameter4" spec="parameter.RealParameter" lower="0.0" name="pvalue" upper="0.0">0.001</parameter>
                </param>
                <param id="ParamValue4" spec="phydyn.model.ParamValue" pname="beta1">
                    <parameter id="RealParameter5" spec="parameter.RealParameter" lower="0.0" name="pvalue" upper="0.0">1.0E-4</parameter>
                </param>
                <param id="ParamValue5" spec="phydyn.model.ParamValue" pname="gamma0">
                    <parameter id="RealParameter6" spec="parameter.RealParameter" lower="0.0" name="pvalue" upper="0.0">1.0</parameter>
                </param>
                <param id="ParamValue6" spec="phydyn.model.ParamValue" pname="gamma1">
                    <parameter id="RealParameter7" spec="parameter.RealParameter" lower="0.0" name="pvalue" upper="0.0">0.1111</parameter>
                </param>
                <param id="ParamValue7" spec="phydyn.model.ParamValue" pname="b">
                    <parameter id="RealParameter8" spec="parameter.RealParameter" lower="0.0" name="pvalue" upper="0.0">0.01</parameter>
                </param>
            </modelParams>
        </popmodel>
        <treeIntervals id="twodeme.intervals" spec="STreeIntervals">
            <tree id="twodeme.t" spec="beast.util.TreeParser" IsLabelledNewick="true" offset="0" singlechild="false">
                <newick>(((((1_I1:8.601305585,((2_I1:7.614910269,((3_I1:4.628406277,4_I1:4.628406277):2.204877339,(((5_I1:2.637951101,6_I1:2.637951101):1.630204619,7_I1:4.26815572):2.5622649,(8_I1:4.775803422,((9_I0:3.421866324,(10_I1:2.613832168,11_I1:2.613832168):0.8080341555):0.7294439386,((((12_I0:1.743140478,13_I1:1.743140478):0.02839541295,14_I1:1.771535891):1.957485586,((15_I0:1.474806711,(16_I1:1.395811989,17_I0:1.395811989):0.07899472207):0.4730726581,18_I1:1.94787937):1.781142107):0.3040503862,19_I1:4.033071863):0.1182383992):0.62449316):2.054617198):0.002862995848):0.7816266527):0.3545966657,(((20_I1:4.068340562,(21_I1:1.676512178,(22_I1:1.29181039,23_I0:1.29181039):0.3847017885):2.391828384):0.03731975574,24_I1:4.105660318):1.343095513,25_I1:5.448755831):2.520751104):0.6317986505):0.2735311833,(((26_I1:4.800990966,27_I1:4.800990966):1.211834427,((28_I1:1.315723551,29_I1:1.315723551):3.392156875,30_I1:4.707880426):1.304944967):0.05861286736,(31_I1:4.417372781,((32_I0:0.02589669122,33_I0:0.02589669122):1.070298377,34_I1:1.096195068):3.321177713):1.654065479):2.803398509):1.982799095,(35_I1:2.607780372,(36_I1:2.171255053,(((37_I0:0.5047750714,(38_I0:0.4055338814,39_I0:0.4055338814):0.09924119003):0.08366158492,40_I0:0.5884366563):0.2316223936,41_I1:0.8200590499):1.351196004):0.436525319):8.249855491):0.4784118461,42_I1:11.33604771):1.889602852,(((43_I0:5.17292019,44_I1:5.17292019):5.719812396,((45_I1:8.742791287,(((((46_I1:2.211400149,47_I1:2.211400149):5.516977397,(48_I1:7.351747823,(49_I1:3.057326116,(50_I1:0.2640613811,51_I1:0.2640613811):2.793264735):4.294421707):0.3766297222):0.06680097018,(((52_I1:2.175911821,53_I1:2.175911821):2.075593414,54_I1:4.251505235):0.4835132855,55_I1:4.735018521):3.060159995):0.3759750748,((56_I1:5.631426801,57_I1:5.631426801):1.888308291,(58_I1:7.422881734,(((((59_I1:3.553151326,((60_I1:1.947699186,61_I1:1.947699186):1.087256295,62_I1:3.034955481):0.5181958449):0.7639208484,(63_I0:1.61418523,64_I0:1.61418523):2.702886944):0.1280504901,(65_I1:4.168392778,66_I1:4.168392778):0.2767298856):0.5748611654,(((((67_I1:2.951761977,68_I1:2.951761977):0.5862224363,(69_I1:2.732300323,70_I1:2.732300323):0.8056840905):0.2351289175,71_I1:3.773113331):0.08558527208,72_I1:3.858698603):0.3622314209,73_I1:4.220930024):0.7990538052):2.137004869,(74_I1:5.830143345,75_I1:5.830143345):1.326845353):0.2658930353):0.09685335758):0.6514184988):0.1151768322,(76_I1:7.809544094,(77_I0:0.06279730703,78_I1:0.06279730703):7.746746787):0.4767863282):0.456460864):0.6598600012,(((((((79_I1:5.551032479,((((80_I1:2.650526636,(81_I1:2.12673962,82_I1:2.12673962):0.5237870161):0.2042414027,83_I1:2.854768039):0.6815290535,84_I1:3.536297092):0.51498412,(85_I1:3.24689582,86_I1:3.24689582):0.8043853926):1.499751267):0.01919873311,(87_I1:5.33366956,(88_I1:4.488978587,(((((89_I1:2.343656566,90_I1:2.343656566):0.6032140474,91_I1:2.946870613):0.8431461459,92_I1:3.790016759):0.1860361978,(93_I1:3.44600656,(94_I1:3.074281558,((((95_I0:0.009020825955,96_I0:0.009020825955):1.633546797,97_I1:1.642567623):1.326547235,98_I1:2.969114858):0.09391178477,(99_I1:2.041790996,100_I1:2.041790996):1.021235647):0.01125491525):0.3717250017):0.5300463966):0.4018066278,(101_I1:4.082754122,(102_I1:3.466673578,103_I1:3.466673578):0.6160805434):0.2951054627):0.1111190025):0.8446909726):0.2365616525):0.999936573,((104_I1:2.561928128,105_I1:2.561928128):2.650607803,(106_I0:0.4508267806,107_I1:0.4508267806):4.761709151):1.357631853):0.06917867185,((108_I1:4.687755528,109_I1:4.687755528):1.326280499,(110_I1:5.502310831,(111_I1:5.437127672,(112_I1:4.146075513,(113_I1:4.144314197,114_I1:4.144314197):0.001761315731):1.291052159):0.06518315909):0.5117251964):0.6253104295):0.6853010854,115_I1:7.324647542):0.5589976397,(116_I1:7.357845872,(((117_I1:3.080119785,(118_I1:2.726678702,(119_I1:1.985532486,120_I1:1.985532486):0.7411462163):0.3534410824):3.139159665,((((121_I1:4.680352425,((122_I1:4.506871222,123_I1:4.506871222):0.1089118213,124_I1:4.615783044):0.06456938088):0.1217714333,(125_I1:3.218659388,126_I1:3.218659388):1.58346447):0.4616779511,127_I1:5.263801809):0.7833331892,((((128_I1:4.084031911,129_I1:4.084031911):0.03460392606,(130_I1:2.604793596,131_I1:2.604793596):1.513842242):1.164687156,((((132_I0:0.3614758968,133_I0:0.3614758968):1.509184695,(134_I1:1.849000962,(135_I1:1.645420245,136_I0:1.645420245):0.2035807168):0.02165963003):0.3927115814,137_I0:2.263372174):0.2838147673,138_I1:2.547186941):2.736136052):0.6912902282,((((139_I0:1.613959528,140_I0:1.613959528):0.9953193464,(141_I1:1.433040197,142_I1:1.433040197):1.176238677):0.2099242693,143_I1:2.819203143):2.549844941,144_I1:5.369048085):0.6055651366):0.07252177694):0.1721444518):0.4110664062,(((145_I0:0.8477764331,146_I1:0.8477764331):0.3113144148,147_I0:1.159090848):5.198229601,(((148_I0:0.5397963205,149_I1:0.5397963205):0.8674382123,150_I1:1.407234533):4.42830127,151_I1:5.835535803):0.5217846451):0.2730254078):0.7275000159):0.52579931):0.7412593038,(152_I1:8.283578843,((((153_I1:1.987475626,154_I1:1.987475626):4.641153849,((((155_I1:4.128638939,156_I1:4.128638939):0.5974662229,(157_I1:3.775684649,(158_I1:0.6683250725,159_I1:0.6683250725):3.107359576):0.9504205132):0.7542394844,(160_I1:5.215676435,((161_I1:4.463334145,(162_I1:1.874480966,163_I1:1.874480966):2.588853179):0.4969128746,((164_I1:2.147895697,(((165_I1:1.056442401,166_I0:1.056442401):0.4089773476,167_I1:1.465419749):0.3004165677,168_I1:1.765836317):0.3820593799):2.186929541,(169_I1:2.761845724,170_I1:2.761845724):1.572979514):0.6254217819):0.2554294147):0.2646682117):0.3291644477,(((171_I1:2.886250597,(172_I1:2.605738615,173_I1:2.605738615):0.2805119828):0.6280351565,174_I1:3.514285754):2.18147264,(175_I1:4.327439421,176_I1:4.327439421):1.368318973):0.1137506998):0.8191203812):0.4969480762,((177_I1:7.025921204,(((178_I1:4.476242883,((179_I1:3.614819395,((180_I0:0.1994707531,181_I1:0.1994707531):1.954852239,182_I1:2.154322992):1.460496403):0.3254023709,(183_I1:3.203487735,(184_I1:2.592655479,((185_I1:2.104309166,186_I1:2.104309166):0.09366597396,187_I1:2.19797514):0.3946803386):0.6108322567):0.7367340304):0.5360211168):0.4115264834,((188_I1:2.583151084,189_I1:2.583151084):2.095038277,190_I1:4.678189361):0.2095800045):2.032821424,((191_I1:5.713320195,(192_I1:3.620998275,((193_I0:1.599674522,194_I0:1.599674522):0.04063450413,195_I1:1.640309026):1.980689249):2.09232192):0.9790344134,196_I0:6.692354608):0.2282361816):0.1053304148):0.007678669615,197_I1:7.033599874):0.09197767736):0.5563342663,198_I1:7.681911818):0.6016670255):0.3413256426):0.7777468019):1.490081298):0.4690859399,(199_I1:1.885777834,200_I1:1.885777834):9.476040692):1.863832036);
</newick>
                <taxonset id="twodeme.taxa" spec="TaxonSet">
                    <taxon id="1_I1" spec="Taxon"/>
                    <taxon id="2_I1" spec="Taxon"/>
                    <taxon id="3_I1" spec="Taxon"/>
                    <taxon id="4_I1" spec="Taxon"/>
                    <taxon id="5_I1" spec="Taxon"/>
                    <taxon id="6_I1" spec="Taxon"/>
                    <taxon id="7_I1" spec="Taxon"/>
                    <taxon id="8_I1" spec="Taxon"/>
                    <taxon id="9_I0" spec="Taxon"/>
                    <taxon id="10_I1" spec="Taxon"/>
                    <taxon id="11_I1" spec="Taxon"/>
                    <taxon id="12_I0" spec="Taxon"/>
                    <taxon id="13_I1" spec="Taxon"/>
                    <taxon id="14_I1" spec="Taxon"/>
                    <taxon id="15_I0" spec="Taxon"/>
                    <taxon id="16_I1" spec="Taxon"/>
                    <taxon id="17_I0" spec="Taxon"/>
                    <taxon id="18_I1" spec="Taxon"/>
                    <taxon id="19_I1" spec="Taxon"/>
                    <taxon id="20_I1" spec="Taxon"/>
                    <taxon id="21_I1" spec="Taxon"/>
                    <taxon id="22_I1" spec="Taxon"/>
                    <taxon id="23_I0" spec="Taxon"/>
                    <taxon id="24_I1" spec="Taxon"/>
                    <taxon id="25_I1" spec="Taxon"/>
                    <taxon id="26_I1" spec="Taxon"/>
                    <taxon id="27_I1" spec="Taxon"/>
                    <taxon id="28_I1" spec="Taxon"/>
                    <taxon id="29_I1" spec="Taxon"/>
                    <taxon id="30_I1" spec="Taxon"/>
                    <taxon id="31_I1" spec="Taxon"/>
                    <taxon id="32_I0" spec="Taxon"/>
                    <taxon id="33_I0" spec="Taxon"/>
                    <taxon id="34_I1" spec="Taxon"/>
                    <taxon id="35_I1" spec="Taxon"/>
                    <taxon id="36_I1" spec="Taxon"/>
                    <taxon id="37_I0" spec="Taxon"/>
                    <taxon id="38_I0" spec="Taxon"/>
                    <taxon id="39_I0" spec="Taxon"/>
                    <taxon id="40_I0" spec="Taxon"/>
                    <taxon id="41_I1" spec="Taxon"/>
                    <taxon id="42_I1" spec="Taxon"/>
                    <taxon id="43_I0" spec="Taxon"/>
                    <taxon id="44_I1" spec="Taxon"/>
                    <taxon id="45_I1" spec="Taxon"/>
                    <taxon id="46_I1" spec="Taxon"/>
                    <taxon id="47_I1" spec="Taxon"/>
                    <taxon id="48_I1" spec="Taxon"/>
                    <taxon id="49_I1" spec="Taxon"/>
                    <taxon id="50_I1" spec="Taxon"/>
                    <taxon id="51_I1" spec="Taxon"/>
                    <taxon id="52_I1" spec="Taxon"/>
                    <taxon id="53_I1" spec="Taxon"/>
                    <taxon id="54_I1" spec="Taxon"/>
                    <taxon id="55_I1" spec="Taxon"/>
                    <taxon id="56_I1" spec="Taxon"/>
                    <taxon id="57_I1" spec="Taxon"/>
                    <taxon id="58_I1" spec="Taxon"/>
                    <taxon id="59_I1" spec="Taxon"/>
                    <taxon id="60_I1" spec="Taxon"/>
                    <taxon id="61_I1" spec="Taxon"/>
                    <taxon id="62_I1" spec="Taxon"/>
                    <taxon id="63_I0" spec="Taxon"/>
                    <taxon id="64_I0" spec="Taxon"/>
                    <taxon id="65_I1" spec="Taxon"/>
                    <taxon id="66_I1" spec="Taxon"/>
                    <taxon id="67_I1" spec="Taxon"/>
                    <taxon id="68_I1" spec="Taxon"/>
                    <taxon id="69_I1" spec="Taxon"/>
                    <taxon id="70_I1" spec="Taxon"/>
                    <taxon id="71_I1" spec="Taxon"/>
                    <taxon id="72_I1" spec="Taxon"/>
                    <taxon id="73_I1" spec="Taxon"/>
                    <taxon id="74_I1" spec="Taxon"/>
                    <taxon id="75_I1" spec="Taxon"/>
                    <taxon id="76_I1" spec="Taxon"/>
                    <taxon id="77_I0" spec="Taxon"/>
                    <taxon id="78_I1" spec="Taxon"/>
                    <taxon id="79_I1" spec="Taxon"/>
                    <taxon id="80_I1" spec="Taxon"/>
                    <taxon id="81_I1" spec="Taxon"/>
                    <taxon id="82_I1" spec="Taxon"/>
                    <taxon id="83_I1" spec="Taxon"/>
                    <taxon id="84_I1" spec="Taxon"/>
                    <taxon id="85_I1" spec="Taxon"/>
                    <taxon id="86_I1" spec="Taxon"/>
                    <taxon id="87_I1" spec="Taxon"/>
                    <taxon id="88_I1" spec="Taxon"/>
                    <taxon id="89_I1" spec="Taxon"/>
                    <taxon id="90_I1" spec="Taxon"/>
                    <taxon id="91_I1" spec="Taxon"/>
                    <taxon id="92_I1" spec="Taxon"/>
                    <taxon id="93_I1" spec="Taxon"/>
                    <taxon id="94_I1" spec="Taxon"/>
                    <taxon id="95_I0" spec="Taxon"/>
                    <taxon id="96_I0" spec="Taxon"/>
                    <taxon id="97_I1" spec="Taxon"/>
                    <taxon id="98_I1" spec="Taxon"/>
                    <taxon id="99_I1" spec="Taxon"/>
                    <taxon id="100_I1" spec="Taxon"/>
                    <taxon id="101_I1" spec="Taxon"/>
                    <taxon id="102_I1" spec="Taxon"/>
                    <taxon id="103_I1" spec="Taxon"/>
                    <taxon id="104_I1" spec="Taxon"/>
                    <taxon id="105_I1" spec="Taxon"/>
                    <taxon id="106_I0" spec="Taxon"/>
                    <taxon id="107_I1" spec="Taxon"/>
                    <taxon id="108_I1" spec="Taxon"/>
                    <taxon id="109_I1" spec="Taxon"/>
                    <taxon id="110_I1" spec="Taxon"/>
                    <taxon id="111_I1" spec="Taxon"/>
                    <taxon id="112_I1" spec="Taxon"/>
                    <taxon id="113_I1" spec="Taxon"/>
                    <taxon id="114_I1" spec="Taxon"/>
                    <taxon id="115_I1" spec="Taxon"/>
                    <taxon id="116_I1" spec="Taxon"/>
                    <taxon id="117_I1" spec="Taxon"/>
                    <taxon id="118_I1" spec="Taxon"/>
                    <taxon id="119_I1" spec="Taxon"/>
                    <taxon id="120_I1" spec="Taxon"/>
                    <taxon id="121_I1" spec="Taxon"/>
                    <taxon id="122_I1" spec="Taxon"/>
                    <taxon id="123_I1" spec="Taxon"/>
                    <taxon id="124_I1" spec="Taxon"/>
                    <taxon id="125_I1" spec="Taxon"/>
                    <taxon id="126_I1" spec="Taxon"/>
                    <taxon id="127_I1" spec="Taxon"/>
                    <taxon id="128_I1" spec="Taxon"/>
                    <taxon id="129_I1" spec="Taxon"/>
                    <taxon id="130_I1" spec="Taxon"/>
                    <taxon id="131_I1" spec="Taxon"/>
                    <taxon id="132_I0" spec="Taxon"/>
                    <taxon id="133_I0" spec="Taxon"/>
                    <taxon id="134_I1" spec="Taxon"/>
                    <taxon id="135_I1" spec="Taxon"/>
                    <taxon id="136_I0" spec="Taxon"/>
                    <taxon id="137_I0" spec="Taxon"/>
                    <taxon id="138_I1" spec="Taxon"/>
                    <taxon id="139_I0" spec="Taxon"/>
                    <taxon id="140_I0" spec="Taxon"/>
                    <taxon id="141_I1" spec="Taxon"/>
                    <taxon id="142_I1" spec="Taxon"/>
                    <taxon id="143_I1" spec="Taxon"/>
                    <taxon id="144_I1" spec="Taxon"/>
                    <taxon id="145_I0" spec="Taxon"/>
                    <taxon id="146_I1" spec="Taxon"/>
                    <taxon id="147_I0" spec="Taxon"/>
                    <taxon id="148_I0" spec="Taxon"/>
                    <taxon id="149_I1" spec="Taxon"/>
                    <taxon id="150_I1" spec="Taxon"/>
                    <taxon id="151_I1" spec="Taxon"/>
                    <taxon id="152_I1" spec="Taxon"/>
                    <taxon id="153_I1" spec="Taxon"/>
                    <taxon id="154_I1" spec="Taxon"/>
                    <taxon id="155_I1" spec="Taxon"/>
                    <taxon id="156_I1" spec="Taxon"/>
                    <taxon id="157_I1" spec="Taxon"/>
                    <taxon id="158_I1" spec="Taxon"/>
                    <taxon id="159_I1" spec="Taxon"/>
                    <taxon id="160_I1" spec="Taxon"/>
                    <taxon id="161_I1" spec="Taxon"/>
                    <taxon id="162_I1" spec="Taxon"/>
                    <taxon id="163_I1" spec="Taxon"/>
                    <taxon id="164_I1" spec="Taxon"/>
                    <taxon id="165_I1" spec="Taxon"/>
                    <taxon id="166_I0" spec="Taxon"/>
                    <taxon id="167_I1" spec="Taxon"/>
                    <taxon id="168_I1" spec="Taxon"/>
                    <taxon id="169_I1" spec="Taxon"/>
                    <taxon id="170_I1" spec="Taxon"/>
                    <taxon id="171_I1" spec="Taxon"/>
                    <taxon id="172_I1" spec="Taxon"/>
                    <taxon id="173_I1" spec="Taxon"/>
                    <taxon id="174_I1" spec="Taxon"/>
                    <taxon id="175_I1" spec="Taxon"/>
                    <taxon id="176_I1" spec="Taxon"/>
                    <taxon id="177_I1" spec="Taxon"/>
                    <taxon id="178_I1" spec="Taxon"/>
                    <taxon id="179_I1" spec="Taxon"/>
                    <taxon id="180_I0" spec="Taxon"/>
                    <taxon id="181_I1" spec="Taxon"/>
                    <taxon id="182_I1" spec="Taxon"/>
                    <taxon id="183_I1" spec="Taxon"/>
                    <taxon id="184_I1" spec="Taxon"/>
                    <taxon id="185_I1" spec="Taxon"/>
                    <taxon id="186_I1" spec="Taxon"/>
                    <taxon id="187_I1" spec="Taxon"/>
                    <taxon id="188_I1" spec="Taxon"/>
                    <taxon id="189_I1" spec="Taxon"/>
                    <taxon id="190_I1" spec="Taxon"/>
                    <taxon id="191_I1" spec="Taxon"/>
                    <taxon id="192_I1" spec="Taxon"/>
                    <taxon id="193_I0" spec="Taxon"/>
                    <taxon id="194_I0" spec="Taxon"/>
                    <taxon id="195_I1" spec="Taxon"/>
                    <taxon id="196_I0" spec="Taxon"/>
                    <taxon id="197_I1" spec="Taxon"/>
                    <taxon id="198_I1" spec="Taxon"/>
                    <taxon id="199_I1" spec="Taxon"/>
                    <taxon id="200_I1" spec="Taxon"/>
                </taxonset>
            </tree>
        </treeIntervals>
    </stlikelihood>

</run>

</beast>
