<package name='speedemon' version='1.0.0'>
	<depends on='beast2' atleast='2.6.6'/>
	<depends on='BEASTLabs' atleast='1.9.5'/>
	<depends on='BICEPS' atleast='0.0.2'/>
	<depends on='ORC' atleast='1.0.2'/>
	<depends on='starbeast3' atleast='0.1.0'/>
	<depends on='SNAPP' atleast='1.5.2'/>
	<depends on='snapper' atleast='1.0.2'/>

	<map from="biceps.ClusterCounter" to="speedemon.ClusterCounter"/>

	<!-- for analysing trees produced under a collapse tree prior, like the birth/death collapse, or Yule skyline collapse -->
	<packageapp description="ClusterTreeSetAnalyser"
              class="speedemon.ClusterTreeSetAnalyser"
              args=""
            />


</package>
