<?xml version="1.0" encoding="UTF-8" standalone="no"?><beast beautitemplate='Standard' beautistatus='' namespace="beast.core:beast.evolution.alignment:beast.evolution.tree.coalescent:beast.core.util:beast.evolution.nuc:beast.evolution.operators:beast.evolution.sitemodel:beast.evolution.substitutionmodel:beast.evolution.likelihood" version="2.0">
    
<map name="Gamma">beast.math.distributions.Gamma</map>
<map name="Normal">beast.math.distributions.Normal</map>
<map name='prior'>beast.math.distributions.Prior</map>


<run spec='beast.inference.PathSampler' chainLength="500000" alpha='0.3' rootdir='/tmp/step' burnInPercentage='50' preBurnin="50000" deleteOldLogs='true' nrOfSteps='100'>
cd $(dir)
java -cp $(java.class.path) beast.app.beastapp.BeastMain $(resume/overwrite) -java -seed $(seed) beast.xml

<mcmc chainLength="10000000" id="mcmc" spec="MCMC">
    <state id="state" storeEvery="5000">
        <parameter id="mean" lower='-Infinity' upper='Infinity' name="stateNode">0.0</parameter>
        <parameter id="tau" lower='0' name="stateNode">2.0</parameter>
    </state>

    <distribution id="posterior" spec="util.CompoundDistribution">

        <distribution id="prior" spec="util.CompoundDistribution">
            <prior id="meanPrior" name="distribution" x="@mean">
                <Normal name="distr" tau="@tau" mean='2.0'/>
            </prior>

            <prior id="precissionPrior" name="distribution">
               	<x idref='tau'/>
               	<Gamma name="distr" alpha='10' beta='10.0'/>
            </prior>
        </distribution>

        <distribution id="likelihood" spec="util.CompoundDistribution">
            <prior id="dataLikelihood" name="distribution" >
		        <parameter id="data" name="x">-1.532150246 0.04074889315 0.3764286126 -1.273536386 -0.09245518809 -0.08052089396 -0.8836752794 -1.751806433 0.4095952282 1.628965147 0.665399023 0.1235472142 0.7869642234 0.1178040049 0.139374006 2.299191912 -0.3189984415 -0.4214709484 -2.282972059 0.01863195228</parameter>
                <Normal mean="@mean" tau="@tau" name="distr"/>
            </prior>
        </distribution>

    </distribution>

    <operator id="meanRandomWalker" parameter="@mean" windowSize="0.75" spec="RealRandomWalkOperator" weight="1"/>
    <operator id="meanRandomWalker2" parameter="@tau" windowSize="0.75" spec="RealRandomWalkOperator" weight="1"/>
<!--
    <operator id="tauScaler" parameter="@tau" scaleFactor="0.5" spec="ScaleOperator" weight="1"/>
-->
    <logger fileName="trace.log" id="tracelog" logEvery="1000" model="@posterior" sanitiseHeaders="true" sort="smart">
        <log idref="posterior"/>
        <log idref="likelihood"/>
        <log idref="prior"/>
        <log idref='tau'/>
        <log idref='mean'/>
    </logger>

    <logger id="screenlog" logEvery="1000">
        <log idref="posterior"/>
        <log arg="@posterior" id="ESS.0" spec="util.ESS"/>
        <log idref="likelihood"/>
        <log idref="prior"/>
    </logger>
</mcmc>
</run>

</beast>
