<!-- IMPORTANT: Requires ECdistribArrayTest.xml to be run first. -->

<beast version='2.0' namespace='beast.core
                                :beast.core.parameter
                                :beast.evolution.operators
                                :feast
                                :feast.expressions
                                :feast.fileio.logfileiterator'>

  <run spec="LogFileIterator">
    <logFileState spec="TraceLogFileState" logFileName="ECdistribArrayTest.log">
      <logFileEntry spec="LogFileRealParameter" fieldName="R">
        <fieldParameter id="R" spec="RealParameter" value="0.0"/>
      </logFileEntry>
    </logFileState>

    <logger logEvery="100" fileName="$(filebase).log">
      <log idref="R"/>
      <log id="R2" spec="ExpCalculator" value="R^2">
        <arg idref="R"/>
      </log>
    </logger>

    <logger logEvery="100000">
      <log idref="R"/>
      <log idref="R2"/>
    </logger>
  </run>
</beast>
