<beast version='2.0'
       namespace='master:master.model:master.conditions:master.outputs:master.postprocessors'>

  <!-- SCRIPT SIR ultrametric with sampling and at least 20 tips TESTED
     IN BEAST2 BUT NOTE THAT THE STARTING VALUES ARE DIFFICULT TO SET
     AND THAT THE UNCERTAINTY OF THE POSTERIOR IS GENERALLY WIDE-->

      <run spec='InheritanceTrajectory'
	   samplePopulationSizes="true"
	   verbosity="1">

	<model spec='Model' id='model'>
	  <population spec='Population' id='S' populationName='S'/>
	  <population spec='Population' id='I' populationName='I'/>
	  <population spec='Population' id='R' populationName='R'/>
	  <reaction spec='Reaction' reactionName="Infection" rate=$(birthEc)>
	    S + I -> 2I
	  </reaction>
	  <reaction spec='Reaction' reactionName="Recovery" rate=$(deathEc)>
	    I -> R
	  </reaction>

	</model>

	<initialState spec='InitState'>
	  <populationSize spec='PopulationSize' population='@S' size=$(S0)/>
	  <lineageSeed spec='Individual' population='@I'/>
	</initialState>

	<lineageEndCondition spec='LineageEndCondition' nLineages="0"/>

	<inheritancePostProcessor spec="LineageSampler" samplingTime=$(originEc) pSample=$(rhoEc)>
	  <populationSize spec="PopulationSize" population="@I"
			  size="100"/>
	</inheritancePostProcessor>
	<postSimCondition spec="LeafCountPostSimCondition" nLeaves="50"
			  exact="false" exceedCondition="true"/>

	<!-- output spec='NewickOutput' fileName='SIRTree_ultra_MASTER.newick.tree'/ -->
	<output spec='NexusOutput' fileName="output.tree"/>
	<!-- output spec='JsonOutput' fileName='SIRTree_ultrametric_MASTER.json'/ -->
      </run>
</beast>
