<beast version='2.0'
    namespace='beast.core
    :beast.core.util
    :beast.core.parameter
    :beast.evolution.operators
    :beast.evolution.sitemodel
    :beast.evolution.substitutionmodel
    :beast.evolution.tree
    :beast.evolution.tree.coalescent
    :beast.evolution.alignment
    :beast.math.distributions
    :beast.util
    :bacter
    :bacter.model
    :bacter.operators
    :bacter.util'>


    <taxonSet spec="TaxonSet" id="taxonSet">
        <taxon spec="Taxon" id="t1"/>
        <taxon spec="Taxon" id="t2"/>
    </taxonSet>


    <!-- Simulated ACG (Truth) -->  

    <input spec='SimulatedACG' id='acgTruth'
        rho="1e-3" delta="1000.0"
        outputFileName="simulated_acg.nexus" taxonset="@taxonSet">
        <locus spec="Locus" id="locus" siteCount="1000000"/>
        <populationModel spec='ConstantPopulation' popSize="5e-2"/>
    </input>

    <!-- Simulated Alignment (Truth) -->

    <input spec='SimulatedAlignment' id='alignment' acg="@acgTruth"
        outputFileName="simulated_alignment.nexus" useNexus="true">
        <siteModel spec='SiteModel' mutationRate="1.000">
            <substModel spec='JukesCantor'/>
        </siteModel>
    </input>


    <run spec="MCMC" id="mcmc" chainLength="100000000">
        <state>
            <stateNode id="acg" spec='SimulatedACG' taxonset="@taxonSet"
                locus="@locus" rho="0" delta="100.0">
                <populationModel spec='ConstantPopulation' popSize="5e-2"/>
            </stateNode>

            <stateNode id="rho" spec='RealParameter' value="0.0001" />
            <stateNode id="delta" spec='RealParameter' value="100.0"/>
            <stateNode id="popSize" spec='RealParameter' value="1e-2"/>
            <stateNode id="mutationRate" spec='RealParameter' value="1.000"/>
        </state>

        <!-- Posterior -->    

        <distribution spec="CompoundDistribution" id="posterior">

            <!-- ACG likelihood --> 

            <distribution spec='ACGLikelihood' id="acgLikelihood"
                tree="@acg" locus="@locus" data="@alignment">
                <siteModel spec='SiteModel' mutationRate="@mutationRate">
                    <substModel spec='JukesCantor'/>
                </siteModel>
            </distribution>

            <!-- ACG prior -->

            <distribution spec='ACGCoalescent' id="acgPrior"
                          rho="@rho" delta="@delta">
                <tree idref="acg"/>
                <populationModel spec='ConstantPopulation'
                                 popSize='@popSize' id='popModel'/>
            </distribution>

            <!-- Parameter priors -->

            <distribution spec='Prior' x='@rho'>
                <!--distr spec='LogNormalDistributionModel' M='0.0' S='2.0'/-->
                <distr spec='OneOnX'/>
            </distribution>
            <distribution spec='Prior' x='@delta'>
                <!--distr spec='LogNormalDistributionModel' M='0.0' S='2.0'/-->
                <distr spec='OneOnX'/>
            </distribution>
            <distribution spec='Prior' x='@popSize'>
                <distr spec='OneOnX'/>
            </distribution>
            <distribution spec='Prior' x='@mutationRate'>
                <distr spec='LogNormalDistributionModel' M='0.0' S='2.0'/>
            </distribution>

        </distribution>

        <!-- Parameter operators -->

        <operator id="rhoScaler" spec="ScaleOperator" weight="1.0"
              scaleFactor="0.8" parameter="@rho"/>

        <operator id="deltaScaler" spec="ScaleOperator" weight="1.0"
              scaleFactor="0.8" parameter="@delta"/>

        <operator id="popSizeScaler" spec="ScaleOperator" weight="1.0"
            scaleFactor="0.8" parameter="@popSize"/>

        <!--operator id="mutationRateScaler" spec="ScaleOperator" weight="1.0"
              scaleFactor="0.8" parameter="@mutationRate"/-->


    <!-- ACG operators -->

    <operator id="addRemove" spec="AddRemoveConversion" weight="10.0">
        <acg idref="acg"/>
        <delta idref="delta"/>
        <populationModel idref="popModel"/>
    </operator>

    <operator id="scale" spec="ACGScaler" weight="1.0"
        scaleFactor="0.8">
        <acg idref="acg"/>
    </operator>

    <operator id="upDown" spec="ACGScaler" weight="1.0"
        scaleFactor="0.8">
        <acg idref="acg"/>
        <parameterInverse idref="rho"/>
        <parameterInverse idref="popSize"/>
    </operator>

    <operator id="CRswap" spec="ConvertedRegionSwap" weight="1.0"
        acg="@acg"/>

    <operator id="CRshift" spec="ConvertedRegionShift" weight="1.0"
        acg="@acg" apertureSize="0.01" />

    <operator id="CRBshift" spec="ConvertedRegionBoundaryShift" weight="1.0"
        acg="@acg" apertureSize="0.01" />

    <operator id="mergeSplit" spec="MergeSplitConversion" weight="1.0"
        acg="@acg" />

     <operator id="addRemoveDetour" spec="AddRemoveDetour" weight="10.0"
             acg="@acg" delta="@delta" populationModel="@popModel"/>

    <operator id="CEhop" spec="ConvertedEdgeHop" weight="1.0"
        acg="@acg" />

    <operator id="CEflip" spec="ConvertedEdgeFlip" weight="1.0"
        acg="@acg" />

    <operator id="CEslide" spec="ConvertedEdgeSlide" weight="1.0"
        acg="@acg" apertureSize="0.8" />

    <operator id="CFUniform" spec='CFUniform' acg="@acg"
              rho="@rho" delta="@delta" populationModel="@popModel" weight="10"/>

    <operator id="CFWB" spec='CFWilsonBalding'
              acg="@acg" rho="@rho" delta="@delta" populationModel="@popModel"
              alpha="0.1" weight="1"/>

    <operator id="CFCS" spec='CFConversionSwap'
        acg="@acg" rho="@rho" delta="@delta" populationModel="@popModel"
        weight="1"/>

    <operator id="CFSTS" spec='CFSubtreeSlide'
        acg="@acg" rho="@rho" delta="@delta" populationModel="@popModel"
        scaleFactor="0.9" weight="1"/>

    <operator id="CFSTXnarrow" spec='CFSubtreeExchange'
        acg="@acg" rho="@rho" delta="@delta" populationModel="@popModel"
        isNarrow="true"
        weight="1"/>

    <operator id="CFSTXwide" spec='CFSubtreeExchange'
        acg="@acg" rho="@rho" delta="@delta" populationModel="@popModel"
        isNarrow="false"
        weight="1"/>

    <!-- Output logging -->

    <logger logEvery="1000">
        <log idref="posterior"/>
        <log spec='TreeHeightLogger' tree="@acg"/>
        <log idref='rho'/>
        <log idref='delta'/>
        <log idref='popSize'/>
        <log idref='mutationRate'/>
        <log spec="ConversionGraphStatsLogger" acg="@acg"/>
    </logger>

    <logger logEvery="1000" fileName="$(filebase).log">
        <model idref='posterior'/>
        <log idref="posterior"/>
        <log idref="acgLikelihood"/>
        <log idref="acgPrior"/>
        <log spec='TreeHeightLogger' tree="@acg"/>
        <log idref='rho'/>
        <log idref='delta'/>
        <log idref='popSize'/>
        <log idref='mutationRate'/>
        <log spec="ConversionGraphStatsLogger" acg="@acg"/>
    </logger>

    <logger logEvery="1000" fileName="$(filebase).trees" mode="tree">
        <log idref="acg"/>
    </logger>

    <!--logger logEvery="1000" fileName="$(filebase).converted">
        <log spec="ConvertedRegionLogger" acg="@acg"/>
    </logger-->

</run>

</beast>

