<!--
  ~ Copyright (C) 2015 Tim Vaughan <tgvaughan@gmail.com>
  ~
  ~ This program is free software: you can redistribute it and/or modify
  ~ it under the terms of the GNU General Public License as published by
  ~ the Free Software Foundation, either version 3 of the License, or
  ~ (at your option) any later version.
  ~
  ~ This program is distributed in the hope that it will be useful,
  ~ but WITHOUT ANY WARRANTY; without even the implied warranty of
  ~ MERCHANTABILITY or FITNESS FOR A PARTICULAR PURPOSE.  See the
  ~ GNU General Public License for more details.
  ~
  ~ You should have received a copy of the GNU General Public License
  ~ along with this program.  If not, see <http://www.gnu.org/licenses/>.
  -->

<beast version='2.0'
    namespace='beast.core
    :beast.core.util
    :beast.core.parameter
    :beast.evolution.operators
    :beast.evolution.sitemodel
    :beast.evolution.substitutionmodel
    :beast.evolution.tree
    :beast.evolution.tree.coalescent
    :beast.evolution.alignment
    :beast.math.distributions
    :beast.util
    :bacter
    :bacter.model
    :bacter.operators
    :bacter.util'>


    <taxonSet spec="TaxonSet" id="taxonSet">
        <taxon spec="Taxon" id="t1"/>
        <taxon spec="Taxon" id="t2"/>
        <taxon spec="Taxon" id="t3"/>
        <taxon spec="Taxon" id="t4"/>
        <taxon spec="Taxon" id="t5"/>
        <taxon spec="Taxon" id="t6"/>
        <taxon spec="Taxon" id="t7"/>
        <taxon spec="Taxon" id="t8"/>
        <taxon spec="Taxon" id="t9"/>
        <taxon spec="Taxon" id="t10"/>
        <taxon spec="Taxon" id="t11"/>
        <taxon spec="Taxon" id="t12"/>
        <taxon spec="Taxon" id="t13"/>
        <taxon spec="Taxon" id="t14"/>
        <taxon spec="Taxon" id="t15"/>
        <taxon spec="Taxon" id="t16"/>
        <taxon spec="Taxon" id="t17"/>
        <taxon spec="Taxon" id="t18"/>
        <taxon spec="Taxon" id="t19"/>
        <taxon spec="Taxon" id="t20"/>
    </taxonSet>


    <!-- Simulated ACG (Truth) -->

    <input spec='SimulatedACG' id='acgTruth'
        rho="0.005" delta="1000.0"
        outputFileName="simulated_acg.nexus" taxonset="@taxonSet">
        <locus spec="Locus" id="l1" siteCount="3000"/>
        <locus spec="Locus" id="l2" siteCount="7000"/>
        <populationModel spec='ConstantPopulation' popSize="1.0"/>
    </input>

    <!-- Simulated Alignment (Truth) -->

    <input spec='SimulatedAlignment' id='a1' acg="@acgTruth" locus="@l1"
        outputFileName="simulated_alignment1.nexus" useNexus="true">
        <siteModel spec='SiteModel' mutationRate="0.005">
            <substModel spec='JukesCantor'/>
        </siteModel>
    </input>

    <input spec='SimulatedAlignment' id='a2' acg="@acgTruth" locus="@l2"
        outputFileName="simulated_alignment2.nexus" useNexus="true">
        <siteModel spec='SiteModel' mutationRate="0.005">
            <substModel spec='JukesCantor'/>
        </siteModel>
    </input>


    <run spec="MCMC" id="mcmc" chainLength="100000000" storeEvery="10000">
        <state>
            <stateNode id="acg" spec='SimulatedACG' taxonset="@taxonSet"
                rho="0.0005" delta="1000.0">
                <locus idref="l1"/>
                <locus idref="l2"/>
                <populationModel spec='ConstantPopulation' popSize="5.0"/>
            </stateNode>

            <stateNode id="rho" spec='RealParameter' value="0.0005" />
            <stateNode id="delta" spec='RealParameter' value="1000.0"/>
            <stateNode id="popSize" spec='RealParameter' value="1.0"/>
            <stateNode id="mutationRate" spec='RealParameter' value="0.005"/>
        </state>

        <!-- Posterior -->

        <distribution spec="CompoundDistribution" id="posterior">

            <!-- ACG likelihood -->

            <distribution spec='ACGLikelihood' id="acgLikelihood1"
                tree="@acg" data="@a1" locus="@l1">
                <siteModel spec='SiteModel' mutationRate="@mutationRate">
                    <substModel spec='JukesCantor'/>
                </siteModel>
            </distribution>

            <distribution spec='ACGLikelihood' id="acgLikelihood2"
                tree="@acg" data="@a2" locus="@l2">
                <siteModel spec='SiteModel' mutationRate="@mutationRate">
                    <substModel spec='JukesCantor'/>
                </siteModel>
            </distribution>

            <!-- ACG prior -->

            <distribution spec='ACGCoalescent' id="acgPrior"
                          rho="@rho" delta="@delta">
                <tree idref="acg"/>
                <populationModel spec='ConstantPopulation'
                                 popSize='@popSize' id='popModel'/>
            </distribution>

            <!-- Parameter priors -->

            <distribution spec='Prior' x='@rho'>
                <distr spec='LogNormalDistributionModel' M='0.0' S='2.0'/>
            </distribution>
            <distribution spec='Prior' x='@delta'>
                <distr spec='LogNormalDistributionModel' M='0.0' S='2.0'/>
            </distribution>
            <distribution spec='Prior' x='@popSize'>
                <distr spec='OneOnX'/>
            </distribution>
            <distribution spec='Prior' x='@mutationRate'>
                <distr spec='LogNormalDistributionModel' M='0.0' S='2.0'/>
            </distribution>

        </distribution>

        <!-- Parameter operators -->

        <!--operator id="rhoScaler" spec="ScaleOperator" weight="1.0"
              scaleFactor="0.8" parameter="@rho"/-->

        <!--operator id="deltaScaler" spec="ScaleOperator" weight="1.0"
              scaleFactor="0.8" parameter="@delta"/-->

        <!--operator id="popSizeScaler" spec="ScaleOperator" weight="1.0"
            scaleFactor="0.8" parameter="@popSize"/-->

        <!--operator id="mutationRateScaler" spec="ScaleOperator" weight="1.0"
              scaleFactor="0.8" parameter="@mutationRate"/-->


    <!-- ACG operators -->

    <operator id="scale" spec="ACGScaler" weight="1.0"
        scaleFactor="0.8">
        <acg idref="acg"/>
    </operator>

    <operator id="addRemove" spec="AddRemoveConversion" weight="1.0">
        <acg idref="acg"/>
        <delta idref="delta"/>
        <populationModel idref="popModel"/>
    </operator>

    <operator id="addRemoveDetour" spec="AddRemoveDetour" weight="1.0">
        <acg idref="acg"/>
        <delta idref="delta"/>
        <populationModel idref="popModel"/>
    </operator>

    <operator id="addRemoveRedundant" spec="AddRemoveRedundantConversion" weight="1.0">
        <acg idref="acg"/>
    </operator>

    <operator id="mergeSplit" spec="MergeSplitConversion" weight="1.0">
        <acg idref="acg"/>
    </operator>

    <operator id="CEhop" spec="ConvertedEdgeHop" weight="1.0"
        acg="@acg" />

    <operator id="CEflip" spec="ConvertedEdgeFlip" weight="1.0"
        acg="@acg" />

    <operator id="CEslide" spec="ConvertedEdgeSlide" weight="1.0"
        acg="@acg" apertureSize="0.1" />

    <operator id="CRswap" spec="ConvertedRegionSwap" weight="1.0"
        acg="@acg"/>

    <operator id="CRshift" spec="ConvertedRegionShift" weight="1.0"
        acg="@acg" apertureSize="0.01" />

    <operator id="CRBshift" spec="ConvertedRegionBoundaryShift" weight="1.0"
        acg="@acg" apertureSize="0.01" />

    <operator id="CFUniform" spec="CFUniform" delta="@delta" rho="@rho"
        populationModel="@popModel" acg="@acg" weight="10"/>

    <operator id="CFWB" spec='CFWilsonBalding'
        acg="@acg" rho="@rho" delta="@delta" populationModel="@popModel"
        alpha="0.1" weight="10"/>

    <operator id="CFCS" spec='CFConversionSwap'
        acg="@acg" rho="@rho" delta="@delta" populationModel="@popModel"
        weight="10"/>

    <operator id="CFSTS" spec='CFSubtreeSlide'
        acg="@acg" rho="@rho" delta="@delta" populationModel="@popModel"
        scaleFactor="0.8" weight="10"/>

    <operator id="CFSTXnarrow" spec='CFSubtreeExchange'
        acg="@acg" rho="@rho" delta="@delta" populationModel="@popModel"
        isNarrow="true"
        weight="10"/>

    <operator id="CFSTXwide" spec='CFSubtreeExchange'
        acg="@acg" rho="@rho" delta="@delta" populationModel="@popModel"
        isNarrow="false"
        weight="10"/>


    <!-- Output logging -->

    <logger logEvery="1000">
        <log idref="posterior"/>
        <log spec='TreeHeightLogger' tree="@acg"/>
        <log idref='delta'/>
        <log idref='popSize'/>
        <log idref='mutationRate'/>
        <log spec="ConversionGraphStatsLogger" acg="@acg"/>
    </logger>

    <logger logEvery="1000" fileName="$(filebase).log">
        <!--model idref='posterior'/-->
        <log idref="posterior"/>
        <log spec='TreeHeightLogger' tree="@acg"/>
        <log idref='rho'/>
        <log idref='delta'/>
        <log idref='popSize'/>
        <log idref='mutationRate'/>
        <log spec="ConversionGraphStatsLogger" acg="@acg"/>
    </logger>

    <logger logEvery="1000" fileName="$(filebase).trees" mode="tree">
        <log idref="acg"/>
    </logger>

    <!--logger logEvery="1000" fileName="$(filebase).cf" mode="tree">
        <log spec="ClonalFrameLogger" acg="@acg"/>
    </logger-->

    <logger logEvery="1000" fileName="$(filebase).converted">
        <!--model idref="posterior"/-->
        <log spec="ConvertedRegionLogger" acg="@acg"/>
    </logger>

</run>

</beast>

