<!-- Generate a coalescent tree from a given number of taxa. -->

<beast version='2.0' namespace='master:master.model:master.conditions:master.outputs'>
    <run spec='InheritanceTrajectory'
         verbosity='2'>
        
        <model spec='Model'>
            <population spec='Population' populationName='X' id='X'/>
            <reaction spec='Reaction' reactionName='Coalescence' rate="1.0">
                2X:1 -> X:1
            </reaction>
        </model>                

        <initialState spec='InitState'>
            <lineageSeedMultiple spec='MultipleIndividuals' population='@X' copies="20"/>
        </initialState>
        
        <lineageEndCondition spec='LineageEndCondition' nLineages="1"/>
                
        <output spec='NexusOutput' fileName='CoalescentTree_output.nexus' reverseTime="true"/>
    </run>
</beast>
