<!-- Simulate a full phylogeny from the FBD process -->

<beast version='2.0' namespace='master:master.model:master.conditions:master.outputs:master.postprocessors'>
    <run spec='InheritanceTrajectory'
         simulationTime='8'
         verbosity="1">

        <model spec='Model' id='model'>
            <population spec='Population' id='I' populationName='I'/>
            <population spec='Population' id='R' populationName='R'/>
            <population spec='Population' id='X' populationName='X'/>
            <population spec='Population' id='S' populationName='S'/>

            <reaction spec='Reaction' reactionName="lambda" rate="1.0">
                I -> 2I
            </reaction>

            <reaction spec='Reaction' reactionName="mu" rate="0.5">
                I -> X
            </reaction>

            <!-- sampling reaction -->
            <reaction spec='Reaction' reactionName="psi" rate="1.5">
                I:1 -> I:1 + S:1
            </reaction>

        </model>

        <initialState spec='InitState'>
            <lineageSeed spec='Individual' population='@I'/>
        </initialState>

        <inheritancePostProcessor spec="LineageFilter"
                                  populationName="S"
                                  noClean="true"
                                  discard="true"/>

        <inheritancePostProcessor spec="LineageSampler"
                                  pSample="0.5"
                                  samplingTime="8"
                                  reverseTime="false"
                                  noClean="true"
                                  markAnnotation="rho"/>


        <!-- Use post-simulation condition to ensure we at least have 10 samples. -->
        <postSimCondition spec='LeafCountPostSimCondition' nLeaves="10" exact="false" exceedCondition="true"/>

        <output spec='NewickOutput' fileName='FBDTree_output.newick'/>
        <output spec='NexusOutput' fileName='FBDTree_output.nexus'/>
        <output spec='JsonOutput' fileName='FBDTree_output.json'/>
    </run>
</beast>

