<!-- Generate a coalescent tree from a given number of taxa, with
     a subset of these taxa sampled at times earlier than the present. -->

<beast version='2.0' namespace='master:master.model:master.conditions:master.outputs'>
    <run spec='InheritanceTrajectory'
         verbosity='2'>
        
        <model spec='Model'>
            <population spec='Population' populationName='L' id='L'/>

	    <!-- Coalescent process with N_e*g = 0.5 -->
            <reaction spec='Reaction' reactionName='Coalescence' rate="1.0">
                2L:1 -> L:1
            </reaction>
        </model>                

        <initialState spec='InitState'>
            <lineageSeedMultiple spec='MultipleIndividuals' population='@L' copies="20"/>
	    <lineageSeed spec='Individual' population='@L' time="1"/>
	    <lineageSeed spec='Individual' population='@L' time="2"/>
	    <lineageSeed spec='Individual' population='@L' time="3"/>
        </initialState>
        
        <lineageEndCondition spec='LineageEndCondition' nLineages="1"/>
                
        <output spec='NexusOutput' fileName='SeriallySampledCoalescentTree_output.nexus' reverseTime="true"/>
    </run>
</beast>
