<!-- Simulate a transmission tree from an SIR epidemic model with
     exactly 50 leaves. -->

<beast version='2.0' namespace='master
                               :master.model
                               :master.conditions
                               :master.outputs
                               :master.postprocessors'>
  <run spec='InheritanceTrajectory'
       samplePopulationSizes="true"
       verbosity="1">

    <model spec='Model' id='model'>
      <population spec='Population' id='S' populationName='S'/>
      <population spec='Population' id='I' populationName='I'/>
      <population spec='Population' id='R' populationName='R'/>
      <population spec='Population' id='Rh' populationName='Rh'/>
      
      <reaction spec='Reaction' reactionName="Infection" rate="0.005">
          S + I -> 2I
      </reaction>
      <reaction spec='Reaction' reactionName="Recovery" rate="0.15">
          I -> R
      </reaction>
      <reaction spec='Reaction' reactionName="Sampling" rate="0.05">
          I -> Rh
      </reaction>
    </model>
    
    <initialState spec='InitState'>
      <populationSize spec='PopulationSize' population='@S' size='199'/>
      <lineageSeed spec='Individual' population='@I'/>
    </initialState>

    <!-- Simulation will terminate when no lineages remain -->
    <lineageEndCondition spec='LineageEndCondition' nLineages="0" population="@I"/>
    
    <!-- Keep only sampled lineages. -->
    <inheritancePostProcessor spec='LineageFilter' reactionName="Sampling"/>
    
    <!-- Simulation will be repeated until at exactly 50 sampled lineages exist. -->
    <postSimCondition spec='LeafCountPostSimCondition' nLeaves="50" exact="true"/>
    
    <output spec='NexusOutput' fileName='SIRSampleTreeConditioned_output.nexus'/>
    <output spec='JsonOutput' fileName='SIRSampleTreeConditioned_output.json'/>
  </run>
</beast>

