<!-- Simulate 10 sampled transmission trees from an
     SIR epidemic model, each with at least 50 leaves. -->

<beast version='2.0' namespace='master
                               :master.model
                               :master.conditions
                               :master.outputs
                               :master.postprocessors'>
  <run spec='InheritanceEnsemble'
       nTraj="10"
       samplePopulationSizes="true"
       verbosity="1">

    <model spec='Model' id='model'>
      <population spec='Population' id='S' populationName='S'/>
      <population spec='Population' id='I' populationName='I'/>
      <population spec='Population' id='R' populationName='R'/>
      <population spec='Population' id='Rh' populationName='Rh'/>
      
      <reaction spec='Reaction' reactionName="Infection" rate="0.005">
          S + I -> 2I
      </reaction>
      <reaction spec='Reaction' reactionName="Recovery" rate="0.15">
          I -> R
      </reaction>
      <reaction spec='Reaction' reactionName="Sampling" rate="0.05">
          I -> Rh
      </reaction>
    </model>
    
    <initialState spec='InitState'>
      <populationSize spec='PopulationSize' population='@S' size='199'/>
      <lineageSeed spec='Individual' population='@I'/>
    </initialState>

    <!-- Simulation will terminate when no lineages remain -->
    <lineageEndCondition spec='LineageEndCondition' nLineages="0" population="@I"/>
    
    <inheritancePostProcessor spec='LineageFilter' reactionName="Sampling"/>
    
    <!-- Simulation will be repeated until at least 50 sampled lineages exist
    following post-processing. -->
    <postSimCondition spec='LeafCountPostSimCondition' nLeaves="50"/>
    
    <output spec='NexusOutput' fileName='SIRSampleForestConditioned_output.nexus'/>
    <output spec='JsonOutput' fileName='SIRSampleForestConditioned_output.json'/>
  </run>
</beast>

