<!-- Estimate moments under an SIR epidemiological model with an additional
     "sampling" process as an alternative to recovery. -->

<beast version='2.0' namespace='master:master.model:master.steppers:master.outputs'>
    <run spec='EnsembleSummary'
         simulationTime='50'
         nSamples='1001'
         nTraj='1000'
         seed='53'>
        
        <stepper spec='TauLeapingStepper' stepSize="0.01"/>
        <!-- <stepper spec='GillespieStepper' /> -->

        <model spec='Model' id='model'>
            <population spec='Population' id='S' populationName='S'/>
            <population spec='Population' id='I' populationName='I'/>
            <population spec='Population' id='R' populationName='R'/>
            <population spec='Population' id='I_sample' populationName='I_sample'/>

            <!-- infection reaction -->
            <reaction spec='Reaction' reactionName="Infection" rate="0.001">
                S + I -> 2I
            </reaction>
            
            <!-- recovery reaction -->
            <reaction spec='Reaction' reactionName="Recovery" rate="0.25">
                I -> R
            </reaction>
            
            <!-- sampling reaction -->
            <reaction spec='Reaction' reactionName="Sampling" rate="0.25">
                I -> I_sample
            </reaction>
        </model>

        <initialState spec='InitState'>
            <populationSize spec='PopulationSize' population='@S' size='999'/>
            <populationSize spec='PopulationSize' population='@I' size='1'/>
            <populationSize spec='PopulationSize' population='@I_sample' size='0'/>
            <populationSize spec='PopulationSize' population='@R' size='0'/>
        </initialState>

        <moment spec='Moment' momentName='S'>
            <factor idref='S'/>
        </moment>

        <moment spec='Moment' momentName='I'>
            <factor idref='I'/>
        </moment>
        
        <moment spec='Moment' momentName='Isamp'>
            <factor idref='I_sample'/>
        </moment>
        
        <moment spec='Moment' momentName='R'>
            <factor idref='R'/>
        </moment>
        
        <output spec='JsonOutput' fileName='SIRSample_output.json'/>
    </run>
</beast>
