<!-- Example showing how to produce an SIS tree with a
     specified number of leaves. -->

<beast version='2.0' namespace='master:master.model:master.conditions:master.outputs:master.postprocessors'>
    <run spec='InheritanceEnsemble'
	 nTraj="100">

        <model spec='Model' id='model'>
            <population spec='Population' id='S' populationName='S'/>
            <population spec='Population' id='I' populationName='I'/>
            <reaction spec='Reaction' reactionName="Infection" rate="0.005">
                S + I -> 2I
            </reaction>
            <reaction spec='Reaction' reactionName="Recovery" rate="0.5">
                I -> S
            </reaction>
        </model>

        <initialState spec='InitState'>
            <populationSize spec='PopulationSize' population='@S' size='999'/>
            <lineageSeed spec='Individual' population='@I'/>
        </initialState>

        <populationEndCondition spec='PopulationEndCondition'
                                population='@I' threshold="0"
                                exceedCondition="false" isRejection="true" />
        <leafCountEndCondition spec='LeafCountEndCondition' nLeaves="100"/>
        <inheritancePostProcessor spec='LineageFilter'
                                  reactionName="NONE" discard="true"/>

        <output spec='NexusOutput' fileName='SISForestLeafCount_out.nexus'/>
    </run>
</beast>
