<!-- Single stochastic logistic model population size trajectory,
     with piecewise changes in carrying capacity.  -->

<beast version='2.0' namespace='master:master.model:master.outputs:master.steppers'>
    <run spec='Trajectory'
         simulationTime='100'
         verbosity='1'>
        
        <stepper spec='SALStepper' stepSize="0.01" />
        <!--stepper spec='RateEquationStepper' stepSize="0.01" /-->
        <!--stepper spec='TauLeapingStepper' stepSize="0.01" /-->
        <!--stepper spec='GillespieStepper' /-->

        <model spec='Model' id='model'>
            <population spec='Population' populationName="X" id='X'/>
            <reaction spec='Reaction' reactionName="Birth" rate="1.0">
                X -> 2X
            </reaction>
            <reaction spec='Reaction' reactionName="Death"
                      rate="0.02, 0.01:30, 0.02:60">
                2X -> X
            </reaction>
        </model>

        <initialState spec='InitState'>
            <populationSize spec='PopulationSize' population="@X" size='1'/>
        </initialState>
        
        <output spec='JsonOutput' fileName='StochasticLogisticPiecewise_output.json'/>
    </run>
</beast>
