<!-- Generate an inheritance tree from the stochastic logistic model.
     Note that population sizes are also sampled. -->

<beast version='2.0' namespace='master:master.model:master.conditions:master.outputs'>
    <run spec='InheritanceTrajectory'
         simulationTime="100"
         samplePopulationSizes="true"
         verbosity='1'>
        
        <model spec='Model'>
            <population spec='Population' populationName='X' id='X'/>
            <reaction spec='Reaction' reactionName='Birth' rate="1.0">
                X -> 2X
            </reaction>
            <reaction spec='Reaction' reactionName='Death' rate="0.01">
                2X -> X
            </reaction>
        </model>                

        <initialState spec='InitState'>
            <populationSize spec='PopulationSize' population='@X' size='9'/>
            <lineageSeed spec='Individual' population='@X'/>
        </initialState>
        
        <lineageEndCondition spec='LineageEndCondition' nLineages="0"/>      
        
        <output spec='NexusOutput' fileName='StochasticLogisticTree_output.nexus'/>
        <output spec='JsonOutput' fileName='StochasticLogisticTree_output.json'/>
    </run>
</beast>
