<?xml version='1.0' encoding='UTF-8'?>
<beast namespace="beast.core:beast.evolution.alignment:beast.app" version="2.4">
    <run id="networkSimulator" outputFileName="test_net.trees" iterations="100"
         spec="speciesnetwork.simulator.BirthHybridSimulator">
        <speciesNetwork id="network:species" spec="speciesnetwork.Network">
            <taxonset id="taxonSuperset" spec="TaxonSet">
                <taxon id="A" spec="TaxonSet">
                    <taxon id="a1" spec="Taxon"/>
                </taxon>
                <taxon id="B" spec="TaxonSet">
                    <taxon id="b1" spec="Taxon"/>
                </taxon>
                <taxon id="C" spec="TaxonSet">
                    <taxon id="c1" spec="Taxon"/>
                </taxon>
            </taxonset>
        </speciesNetwork>
        <parameter id="time.origin" name="origin">0.1</parameter>
        <parameter id="rate.birth" name="birthRate">20</parameter>
        <parameter id="rate.hybrid" name="hybridRate">10</parameter>
    </run>
</beast>
