<?xml version='1.0' encoding='UTF-8'?>
<beast namespace="beast.core:beast.evolution.alignment:beast.evolution.sitemodel:beast.evolution.substitutionmodel:beast.app" version="2.4">
    <data id="gene1" name="alignment">
        <sequence id="gene1_a1" taxon="a1" totalcount="4" value="-"/>
        <sequence id="gene1_a2" taxon="a2" totalcount="4" value="-"/>
        <sequence id="gene1_b1" taxon="b1" totalcount="4" value="-"/>
        <sequence id="gene1_b2" taxon="b2" totalcount="4" value="-"/>
        <sequence id="gene1_c1" taxon="c1" totalcount="4" value="-"/>
        <sequence id="gene1_c2" taxon="c2" totalcount="4" value="-"/>
        <sequence id="gene1_d1" taxon="d1" totalcount="4" value="-"/>
        <sequence id="gene1_d2" taxon="d2" totalcount="4" value="-"/>
    </data>
    <data id="gene2" name="alignment">
        <sequence id="gene2_a1" taxon="a1" totalcount="4" value="-"/>
        <sequence id="gene2_a2" taxon="a2" totalcount="4" value="-"/>
        <sequence id="gene2_b1" taxon="b1" totalcount="4" value="-"/>
        <sequence id="gene2_b2" taxon="b2" totalcount="4" value="-"/>
        <sequence id="gene2_c1" taxon="c1" totalcount="4" value="-"/>
        <sequence id="gene2_c2" taxon="c2" totalcount="4" value="-"/>
        <sequence id="gene2_d1" taxon="d1" totalcount="4" value="-"/>
        <sequence id="gene2_d2" taxon="d2" totalcount="4" value="-"/>
    </data>
    <data id="gene3" name="alignment">
        <sequence id="gene3_a1" taxon="a1" totalcount="4" value="-"/>
        <sequence id="gene3_a2" taxon="a2" totalcount="4" value="-"/>
        <sequence id="gene3_b1" taxon="b1" totalcount="4" value="-"/>
        <sequence id="gene3_b2" taxon="b2" totalcount="4" value="-"/>
        <sequence id="gene3_c1" taxon="c1" totalcount="4" value="-"/>
        <sequence id="gene3_c2" taxon="c2" totalcount="4" value="-"/>
        <sequence id="gene3_d1" taxon="d1" totalcount="4" value="-"/>
        <sequence id="gene3_d2" taxon="d2" totalcount="4" value="-"/>
    </data>
    <data id="gene4" name="alignment">
        <sequence id="gene4_a1" taxon="a1" totalcount="4" value="-"/>
        <sequence id="gene4_a2" taxon="a2" totalcount="4" value="-"/>
        <sequence id="gene4_b1" taxon="b1" totalcount="4" value="-"/>
        <sequence id="gene4_b2" taxon="b2" totalcount="4" value="-"/>
        <sequence id="gene4_c1" taxon="c1" totalcount="4" value="-"/>
        <sequence id="gene4_c2" taxon="c2" totalcount="4" value="-"/>
        <sequence id="gene4_d1" taxon="d1" totalcount="4" value="-"/>
        <sequence id="gene4_d2" taxon="d2" totalcount="4" value="-"/>
    </data>
    <data id="gene5" name="alignment">
        <sequence id="gene5_a1" taxon="a1" totalcount="4" value="-"/>
        <sequence id="gene5_a2" taxon="a2" totalcount="4" value="-"/>
        <sequence id="gene5_b1" taxon="b1" totalcount="4" value="-"/>
        <sequence id="gene5_b2" taxon="b2" totalcount="4" value="-"/>
        <sequence id="gene5_c1" taxon="c1" totalcount="4" value="-"/>
        <sequence id="gene5_c2" taxon="c2" totalcount="4" value="-"/>
        <sequence id="gene5_d1" taxon="d1" totalcount="4" value="-"/>
        <sequence id="gene5_d2" taxon="d2" totalcount="4" value="-"/>
    </data>

    <siteModel id="siteModel:genex" mutationRate="1.0" proportionInvariant="0.0" spec="SiteModel">
        <substModel id="jc:genex" spec="JukesCantor"/>
    </siteModel>

    <init spec='beast.util.TreeParser' id='newick:species' IsLabelledNewick="true" adjustTipHeights="false"
          newick="(((A:0.035,((B:0.012,(C:0.01)#H2[&amp;gamma=0.7]:0.002)S3:0.018)#H1[&amp;gamma=0.6]:0.005)S1:0.015,(#H1:0.01,(#H2:0.005,D:0.015)S4:0.025)S2:0.01)R:0.05)"/>

    <run id="coalSimulator" spec="speciesnetwork.simulator.CoalescentSimulator" outputFileName="test_4s.xml" networkOperator="true" initMethod="random">
        <state id="state">
            <stateNode id="network:species" spec="speciesnetwork.NetworkParser" tree="@newick:species">
                <taxonset id="taxonSuperset" spec="TaxonSet">
                    <taxon id="A" spec="TaxonSet">
                        <taxon id="a1" spec="Taxon"/>
                        <taxon id="a2" spec="Taxon"/>
                    </taxon>
                    <taxon id="B" spec="TaxonSet">
                        <taxon id="b1" spec="Taxon"/>
                        <taxon id="b2" spec="Taxon"/>
                    </taxon>
                    <taxon id="C" spec="TaxonSet">
                        <taxon id="c1" spec="Taxon"/>
                        <taxon id="c2" spec="Taxon"/>
                    </taxon>
                    <taxon id="D" spec="TaxonSet">
                        <taxon id="d1" spec="Taxon"/>
                        <taxon id="d2" spec="Taxon"/>
                    </taxon>
                </taxonset>
            </stateNode>
            <stateNode id="tree:gene1" spec="speciesnetwork.EmbeddedTree">
                <taxonset id="taxonset:gene1" spec="TaxonSet" alignment="@gene1"/>
            </stateNode>
            <stateNode id="tree:gene2" spec="speciesnetwork.EmbeddedTree">
                <taxonset id="taxonset:gene2" spec="TaxonSet" alignment="@gene2"/>
            </stateNode>
            <stateNode id="tree:gene3" spec="speciesnetwork.EmbeddedTree">
                <taxonset id="taxonset:gene3" spec="TaxonSet" alignment="@gene3"/>
            </stateNode>
            <stateNode id="tree:gene4" spec="speciesnetwork.EmbeddedTree">
                <taxonset id="taxonset:gene4" spec="TaxonSet" alignment="@gene4"/>
            </stateNode>
            <stateNode id="tree:gene5" spec="speciesnetwork.EmbeddedTree">
                <taxonset id="taxonset:gene5" spec="TaxonSet" alignment="@gene5"/>
            </stateNode>
        </state>

        <speciesNetwork idref="network:species"/>
        <!-- networkSimulator id="network:simulated" spec="speciesnetwork.simulator.BirthHybridSimulator"
            speciesNetwork="@network:species" birthRate="20" hybridRate="10" tmrca="0.05" nHybrid="2"/ --> <!-- origin="0.1" -->
        <parameter id="popsizes" name="popSizes">0.01</parameter>
        <taxonset idref="taxonSuperset"/>
        <geneTree idref="tree:gene1"/>
        <geneTree idref="tree:gene2"/>
        <geneTree idref="tree:gene3"/>
        <geneTree idref="tree:gene4"/>
        <geneTree idref="tree:gene5"/>
        <sequenceSimulator id="seqgen:gene1" spec="seqgen.SequenceSimulator" data="@gene1" tree="@tree:gene1" siteModel="@siteModel:genex" sequencelength="200"/>
        <sequenceSimulator id="seqgen:gene2" spec="seqgen.SequenceSimulator" data="@gene2" tree="@tree:gene2" siteModel="@siteModel:genex" sequencelength="200"/>
        <sequenceSimulator id="seqgen:gene3" spec="seqgen.SequenceSimulator" data="@gene3" tree="@tree:gene3" siteModel="@siteModel:genex" sequencelength="200"/>
        <sequenceSimulator id="seqgen:gene4" spec="seqgen.SequenceSimulator" data="@gene4" tree="@tree:gene4" siteModel="@siteModel:genex" sequencelength="200"/>
        <sequenceSimulator id="seqgen:gene5" spec="seqgen.SequenceSimulator" data="@gene5" tree="@tree:gene5" siteModel="@siteModel:genex" sequencelength="200"/>
    </run>
</beast>
