<beast version='2.0'
       namespace='beast.evolution.tree.coalescent
                  :beast.evolution.tree
                  :beast.evolution.alignment
                  :bacter
                  :bacter.model
                  :bacter.operators
                  :bacter.util'>

    <taxonSet id="taxonSet" spec="TaxonSet">
        <taxon spec="Taxon" id="t1"/>
        <taxon spec="Taxon" id="t2"/>
        <taxon spec="Taxon" id="t3"/>
        <taxon spec="Taxon" id="t4"/>
        <taxon spec="Taxon" id="t5"/>
    </taxonSet>

    <run spec="ACGSimulator" nSims="100000">
         <simACG spec="SimulatedACG" id="acg"
                 rho="0.2" delta="10.0" taxonset="@taxonSet">
             <locus spec="Locus" id="l1" siteCount="10"/>
             <locus spec="Locus" id="l2" siteCount="15"/>
             <populationModel spec="ConstantPopulation" popSize="1.0"/>
             <trait spec='TraitSet' id="timeTrait"
                    taxa="@taxonSet"
                    traitname="date-backward">
                 t1=0.0,
                 t2=0.1,
                 t3=0.2,
                 t4=0.3,
                 t5=0.4
             </trait>
         </simACG>
         
         <logger logEvery="1" fileName="$(filebase).converted">
            <log spec="ConvertedRegionLogger" acg="@acg"/>
        </logger>
        
        <logger logEvery="1" fileName="$(filebase).stats">
          <log spec="ConversionGraphStatsLogger" acg="@acg"/>
        </logger>

        <logger logEvery="1000" fileName="$(filebase).trees">
            <log idref="acg"/>
        </logger>
    </run>
  
</beast>
