<beast version='2.0'
    namespace='beast.core
    :beast.core.util
    :beast.core.parameter
    :beast.evolution.operators
    :beast.evolution.sitemodel
    :beast.evolution.substitutionmodel
    :beast.evolution.tree
    :beast.evolution.tree.coalescent
    :beast.evolution.alignment
    :beast.math.distributions
    :beast.util
    :bacter
    :bacter.model.pop
    :bacter.model:bacter.model.unrestricted
    :bacter.operators:bacter.operators.unrestricted
    :bacter.util'>

    <taxonSet spec="TaxonSet" id="taxonSet">
        <taxon spec="Taxon" id="t1"/>
        <taxon spec="Taxon" id="t2"/>
        <taxon spec="Taxon" id="t3"/>
        <taxon spec="Taxon" id="t4"/>
        <taxon spec="Taxon" id="t5"/>
        <taxon spec="Taxon" id="t6"/>
        <taxon spec="Taxon" id="t7"/>
        <taxon spec="Taxon" id="t8"/>
        <taxon spec="Taxon" id="t9"/>
        <taxon spec="Taxon" id="t10"/>
        <taxon spec="Taxon" id="t11"/>
        <taxon spec="Taxon" id="t12"/>
        <taxon spec="Taxon" id="t13"/>
        <taxon spec="Taxon" id="t14"/>
        <taxon spec="Taxon" id="t15"/>
        <taxon spec="Taxon" id="t16"/>
        <taxon spec="Taxon" id="t17"/>
        <taxon spec="Taxon" id="t18"/>
        <taxon spec="Taxon" id="t19"/>
        <taxon spec="Taxon" id="t20"/>
    </taxonSet>

    <!-- Simulated ACG (Truth) -->  

    <input spec='SimulatedACG' id='acgTruth'
        rho="0.0001" delta="1000.0"
        outputFileName="simulated_acg.nexus" taxonset="@taxonSet">
        <locus spec="Locus" id="locus" siteCount="100000"/>
        <populationModel spec='ExponentialGrowth'>
            <popSize spec="RealParameter" value="2.0"/>
            <growthRate spec="RealParameter" value="1.0"/>
        </populationModel>
    </input>

    <!-- Simulated Alignment (Truth) -->

    <input spec='SimulatedAlignment' id='alignment' acg="@acgTruth"
        outputFileName="simulated_alignment.nexus" useNexus="true">
        <siteModel spec='SiteModel' mutationRate="0.005">
            <substModel spec='JukesCantor'/>
        </siteModel>
    </input>


    <run spec="MCMC" id="mcmc" chainLength="100000000">
        <state>
            <stateNode id="acg" spec='SimulatedACG'
                locus="@locus" taxonset="@taxonSet" rho="0.0001" delta="1000.0">
                <populationModel spec='ConstantPopulation' popSize="1.0"/>
            </stateNode>

            <stateNode id="rho" spec='RealParameter' value="0.0001" />
            <stateNode id="delta" spec='RealParameter' value="1000.0"/>
            <stateNode id="popSizes" spec='RealParameter' value="1.0" dimension="5"/>
            <stateNode id="groupSizes" spec='IntegerParameter' value="0"/>
            <stateNode id="mutationRate" spec='RealParameter' value="0.005"/>
        </state>

        <!-- Posterior -->    

        <distribution spec="CompoundDistribution" id="posterior">

            <!-- ACG likelihood --> 

            <distribution spec='ACGLikelihood' id="acgLikelihood"
                tree="@acg" locus="@locus" data="@alignment">
                <siteModel spec='SiteModel' mutationRate="@mutationRate">
                    <substModel spec='JukesCantor'/>
                </siteModel>
            </distribution>

            <!-- ACG prior -->

            <distribution spec='ACGCoalescent' id="acgPrior"
                rho="@rho" delta="@delta">
                <tree idref="acg"/>
                <populationModel spec='SkylinePopulationFunction' id="popModel"
                                 acg="@acg"
                                 popSizes="@popSizes"
                                 groupSizes="@groupSizes"
                                 nGridPoints="10"
                                 piecewiseLinear="true"/>
            </distribution>

            <!-- Parameter priors -->

            <!--distribution spec='Prior' x='@rho'>
                <distr spec='LogNormalDistributionModel' M='0.0' S='2.0'/>
            </distribution>
            <distribution spec='Prior' x='@delta'>
                <distr spec='LogNormalDistributionModel' M='0.0' S='2.0'/>
            </distribution-->
            <distribution spec="beast.math.distributions.MarkovChainDistribution"
                          jeffreys="true"
                          parameter="@popSizes"/>
            <distribution spec='Prior' x='@mutationRate'>
                <distr spec='LogNormalDistributionModel' M='0.0' S='2.0'/>
            </distribution>

        </distribution>

        <!-- Parameter operators -->

        <!--operator id="rhoScaler" spec="ScaleOperator" weight="1.0"
              scaleFactor="0.8" parameter="@rho"/-->

        <!--operator id="deltaScaler" spec="ScaleOperator" weight="1.0"
              scaleFactor="0.8" parameter="@delta"/-->

        <operator id="popSizeScaler" spec="ScaleOperator" weight="1.0"
            scaleFactor="0.8" parameter="@popSizes"/>

        <operator spec='DeltaExchangeOperator' weight="1"
                  delta="1" integer="true"
                  intparameter="@groupSizes"/>

        <!--operator id="mutationRateScaler" spec="ScaleOperator" weight="1.0"
              scaleFactor="0.8" parameter="@mutationRate"/-->


    <!-- ACG operators -->
    <operator id="scale" spec="ACGScaler" weight="1.0"
        scaleFactor="0.8">
        <acg idref="acg"/>
    </operator>

    <operator id="upDown" spec="ACGScaler" weight="1.0"
        scaleFactor="0.8">
        <acg idref="acg"/>
        <parameter idref="popSizes"/>
    </operator>


    <operator id="addRemove" spec="AddRemoveConversion" weight="1.0">
        <acg idref="acg"/>
        <delta idref="delta"/>
        <populationModel idref="popModel"/>
    </operator>

    <operator id="addRemoveDetour" spec="AddRemoveDetour" weight="1.0">
        <acg idref="acg"/>
        <delta idref="delta"/>
        <populationModel idref="popModel"/>
    </operator>

    <operator id="addRemoveRedundant" spec="AddRemoveRedundantConversion" weight="1.0">
        <acg idref="acg"/>
    </operator>

    <operator id="replace" spec="ReplaceConversion" weight="1.0">
        <acg idref="acg"/>
        <delta idref="delta"/>
        <populationModel idref="popModel"/>
    </operator>

    <operator id="mergeSplit" spec="MergeSplitConversion" weight="1.0">
        <acg idref="acg"/>
    </operator>

    <operator id="CEhop" spec="ConvertedEdgeHop" weight="1.0"
        acg="@acg" />

    <operator id="CEflip" spec="ConvertedEdgeFlip" weight="1.0"
        acg="@acg" />

    <operator id="CEslide" spec="ConvertedEdgeSlide" weight="1.0"
        acg="@acg" apertureSize="0.1" />

    <operator id="CRswap" spec="ConvertedRegionSwap" weight="1.0"
        acg="@acg"/>

    <operator id="CRshift" spec="ConvertedRegionShift" weight="1.0"
        acg="@acg" apertureSize="0.01" />

    <operator id="CRBshift" spec="ConvertedRegionBoundaryShift" weight="1.0"
        acg="@acg" apertureSize="0.01" />

    <operator id="CFUniform" spec="CFUniform" delta="@delta" rho="@rho"
        populationModel="@popModel" acg="@acg" weight="10"/>

    <operator id="CFWB" spec='CFWilsonBalding'
        acg="@acg" rho="@rho" delta="@delta" populationModel="@popModel"
        alpha="0.1" weight="10"/>

    <operator id="CFCS" spec='CFConversionSwap'
        acg="@acg" rho="@rho" delta="@delta" populationModel="@popModel"
        weight="10"/>

    <operator id="CFSTS" spec='CFSubtreeSlide'
        acg="@acg" rho="@rho" delta="@delta" populationModel="@popModel"
        scaleFactor="0.1" weight="10"/>

    <operator id="CFSTXnarrow" spec='CFSubtreeExchange'
        acg="@acg" rho="@rho" delta="@delta" populationModel="@popModel"
        isNarrow="true"
        weight="10"/>

    <operator id="CFSTXwide" spec='CFSubtreeExchange'
        acg="@acg" rho="@rho" delta="@delta" populationModel="@popModel"
        isNarrow="false"
        weight="10"/>


    <!-- Output logging -->

    <logger logEvery="10000">
        <log idref="posterior"/>
        <log spec='TreeHeightLogger' tree="@acg"/>
        <log idref='rho'/>
        <log idref='delta'/>
        <log idref='popModel'/>
        <log idref='mutationRate'/>
        <log spec="ConversionGraphStatsLogger" acg="@acg"/>
    </logger>

    <logger logEvery="1000" fileName="$(filebase).log">
        <!--model idref='posterior'/-->
        <log idref="posterior"/>
        <log spec='TreeHeightLogger' tree="@acg"/>
        <log idref='rho'/>
        <log idref='delta'/>
        <log idref='popModel'/>
        <log idref='mutationRate'/>
        <log spec="ConversionGraphStatsLogger" acg="@acg"/>
    </logger>

    <logger logEvery="1000" fileName="$(filebase).trees" mode="tree">
        <log idref="acg"/>
    </logger>

    <!--logger logEvery="1000" fileName="$(filebase).cf" mode="tree">
        <log spec="ClonalFrameLogger" acg="@acg"/>
    </logger-->

    <logger logEvery="1000" fileName="$(filebase).converted">
        <!--model idref="posterior"/-->
        <log spec="ConvertedRegionLogger" acg="@acg"/>
    </logger>

</run>

</beast>

