<package name='MODEL_SELECTION' version='1.5.3'>
	<depends on='beast2' atleast='2.6.0'/>
	<depends on='BEASTLabs' atleast='1.9.0'/>
    <packageapp description="Path sampler"
              class="beast.app.tools.PathSampler"
              args=""
              icon="beast/app/tools/ps.png"
            />
    <packageapp description="Path Sample Analyser"
              class="beast.app.tools.PathSampleAnalyser"
              args=""
              icon="beast/app/tools/ps.png"
            />
    <packageapp description="Conditional Predictive Ordinates (CPO) Analyser"
              class="beast.cpo.CPOAnalyser"
              args=""
              icon="beast/app/tools/ps.png"
            />
    <packageapp description="Akaike Information Criterion by MCMC"
              class="beast.inference.AICMAnalyser"
              args=""
              icon="beast/app/tools/ps.png"
            />
<!--
    <packageapp description="Paired path sampler"
              class="beast.app.tools.PairedPathSampler"
              args=""
              icon="beast/app/tools/ps.png"
            />
    <packageapp description="Paired Path Sample Analyser"
              class="beast.app.tools.PairedPathSampler"
              args=""
              icon="beast/app/tools/ps.png"
            />
-->
</package>
