<beast version='2.0'
       namespace='beast.evolution.tree.coalescent
                :beast.evolution.alignment
                :bacter
                :bacter.model
                :bacter.util'>


    <run spec="ACGSimulator" nSims="100000">
        <simACG spec="SimulatedACG" id="acg"
                rho="0.0005" delta="50.0">
            <locus spec="Locus" id="locus" siteCount="10000"/>
            <taxonset spec="TaxonSet">
                <taxon spec="Taxon" id="A"/>
                <taxon spec="Taxon" id="B"/>
            </taxonset>
            <populationModel spec="ConstantPopulation" popSize="1.0"/>
        </simACG>
        
        <logger logEvery="1" fileName="$(filebase).converted">
            <log spec="ConvertedRegionLogger" acg="@acg"/>
        </logger>
        
        <logger logEvery="1" fileName="$(filebase).stats">
          <log spec="ConversionGraphStatsLogger" acg="@acg"/>
        </logger>

        <logger logEvery="1000" fileName="$(filebase).trees">
            <log idref="acg"/>
        </logger>
    </run>
  
</beast>
