<beast version="2.0"
       namespace="beast.core
                 :beast.core.util
                 :beast.core.parameter
                 :beast.evolution.alignment
                 :beast.evolution.likelihood
                 :beast.evolution.tree
                 :beast.evolution.tree.coalescent
                 :beast.evolution.sitemodel
                 :beast.evolution.substitutionmodel
                 :beast.evolution.operators
                 :beast.math.distributions
                 :feast.simulation
                 :feast.fileio
                 :recombination.network
                 :recombination.statistics
                 :recombination.simulator
                 :recombination.likelihood
                 :recombination.operators
                 :recombination.distribution
                 :recombination.util">

    <alignment id="seg1align" spec="AlignmentFromNexus" fileName="sim_1.nexus"/>

    <taxonSet spec="TaxonSet" id="taxonSet">
				<taxon spec="Taxon" id="t1"/>
				<taxon spec="Taxon" id="t2"/>
				<taxon spec="Taxon" id="t3"/>
				<taxon spec="Taxon" id="t4"/>
				<taxon spec="Taxon" id="t5"/>
				<taxon spec="Taxon" id="t6"/>
				<taxon spec="Taxon" id="t7"/>
				<taxon spec="Taxon" id="t8"/>
				<taxon spec="Taxon" id="t9"/>
				<taxon spec="Taxon" id="t10"/>
				<taxon spec="Taxon" id="t11"/>
				<taxon spec="Taxon" id="t12"/>
				<taxon spec="Taxon" id="t13"/>
				<taxon spec="Taxon" id="t14"/>
				<taxon spec="Taxon" id="t15"/>
				<taxon spec="Taxon" id="t16"/>
				<taxon spec="Taxon" id="t17"/>
				<taxon spec="Taxon" id="t18"/>
				<taxon spec="Taxon" id="t19"/>
				<taxon spec="Taxon" id="t20"/>
				<taxon spec="Taxon" id="t21"/>
				<taxon spec="Taxon" id="t22"/>
				<taxon spec="Taxon" id="t23"/>
				<taxon spec="Taxon" id="t24"/>
				<taxon spec="Taxon" id="t25"/>
				<taxon spec="Taxon" id="t26"/>
				<taxon spec="Taxon" id="t27"/>
				<taxon spec="Taxon" id="t28"/>
				<taxon spec="Taxon" id="t29"/>
				<taxon spec="Taxon" id="t30"/>
				<taxon spec="Taxon" id="t31"/>
				<taxon spec="Taxon" id="t32"/>
				<taxon spec="Taxon" id="t33"/>
				<taxon spec="Taxon" id="t34"/>
				<taxon spec="Taxon" id="t35"/>
				<taxon spec="Taxon" id="t36"/>
				<taxon spec="Taxon" id="t37"/>
				<taxon spec="Taxon" id="t38"/>
				<taxon spec="Taxon" id="t39"/>
				<taxon spec="Taxon" id="t40"/>
				<taxon spec="Taxon" id="t41"/>
				<taxon spec="Taxon" id="t42"/>
				<taxon spec="Taxon" id="t43"/>
				<taxon spec="Taxon" id="t44"/>
				<taxon spec="Taxon" id="t45"/>
				<taxon spec="Taxon" id="t46"/>
				<taxon spec="Taxon" id="t47"/>
				<taxon spec="Taxon" id="t48"/>
				<taxon spec="Taxon" id="t49"/>
				<taxon spec="Taxon" id="t50"/>
    </taxonSet>

    <traitSet spec="TraitSet" traitname="date-backward" id="traitSet">
				t1=26.343523,
				t2=0.821628,
				t3=20.114025,
				t4=12.519144,
				t5=16.760695,
				t6=4.211608,
				t7=5.943045,
				t8=24.022337,
				t9=29.047847,
				t10=9.402725,
				t11=20.769678,
				t12=26.291675,
				t13=26.838200,
				t14=2.551326,
				t15=1.171643,
				t16=5.094913,
				t17=26.344275,
				t18=2.950405,
				t19=12.633229,
				t20=28.736686,
				t21=15.994959,
				t22=20.756313,
				t23=9.465469,
				t24=20.595028,
				t25=25.038770,
				t26=0.548648,
				t27=22.504329,
				t28=29.665833,
				t29=22.444970,
				t30=8.413320,
				t31=23.678380,
				t32=3.096780,
				t33=13.436806,
				t34=27.257865,
				t35=8.808424,
				t36=8.633260,
				t37=3.900857,
				t38=0.581009,
				t39=20.365066,
				t40=6.348843,
				t41=7.966400,
				t42=14.747195,
				t43=1.600876,
				t44=17.223528,
				t45=4.401857,
				t46=17.679166,
				t47=20.992751,
				t48=3.070033,
				t49=12.421680,
				t50=20.832005
      <taxa idref="taxonSet"/>
    </traitSet>


    <run spec="MCMC" chainLength="5000000">
        <state>
            <stateNode id="recombinationRate" spec="RealParameter" value="1.4691e-05"/>
            <stateNode id="kappa1" spec="RealParameter" value="1"/>
            <stateNode id="mut1" spec="RealParameter" value="0.0025"/>
            <stateNode id="gam1" spec="RealParameter" value="1"/>
            <stateNode id="freq1" spec="RealParameter" dimension="4" value="0.25"/>

            <stateNode id="popSize" spec="RealParameter" value="2.9967"/>
            <stateNode id="relativeRecombinationRate" spec="RealParameter" value="0.041 0.283 "/>


            <stateNode id="network" spec="SimulatedCoalescentRecombinationNetwork"
                       data="@seg1align">

                <traitSet idref="traitSet"/>

                <populationModel spec="ConstantPopulation">
                    <popSize spec="RealParameter" value="0.6638"/>
                </populationModel>

                <recombinationRate spec="RealParameter" value="0"/>
            </stateNode>
        </state>

        <distribution id="posterior" spec="CompoundDistribution">

          <distribution id="likelihood" spec="CompoundDistribution">
              <distribution spec="NetworkLikelihood">
                  <data idref="seg1align"/>
                  <recombinationNetwork idref="network"/>
                  <siteModel spec="SiteModel" mutationRate="@mut1"  gammaCategoryCount="4" shape="@gam1">
                    <substModel spec="HKY" kappa="@kappa1">
                      <frequencies spec="Frequencies">
                        <frequencies idref="freq1"/>
                      </frequencies>
                    </substModel>
                  </siteModel>
              </distribution>
          </distribution>

            <distribution id="prior" spec="CompoundDistribution">
                <distribution id="coalDensity" spec="CoalescentWithRecombination" maxHeightRatio="1.1">
                  <networkIntervals spec="RecombinationNetworkIntervals" recombinationNetwork="@network" recombinationRatesChangePoints="4000"/>

                    <populationModel id="constantPopulation" spec="ConstantPopulation" popSize="@popSize"/>
                    <relativeRecombinationRate idref="relativeRecombinationRate"/>
                    <recombinationRate idref="recombinationRate"/>
                </distribution>

                <distribution id="parametersPrior" spec="CompoundDistribution">
                    <distribution spec="beast.math.distributions.Prior" x="@recombinationRate">
                        <!--distr spec="beast.math.distributions.Uniform" lower="0.0" upper="10.0"/-->
                        <distr spec="beast.math.distributions.LogNormalDistributionModel" M="-11.1271" S="0.5"/>
                    </distribution>
                    
                    <distribution spec="beast.math.distributions.Prior" x="@relativeRecombinationRate">
                        <!--distr spec="beast.math.distributions.Uniform" lower="0.0" upper="10.0"/-->
                        <distr spec="beast.math.distributions.Normal" mean="0" sigma="1"/>
                    </distribution>


                    <distribution spec="beast.math.distributions.Prior" x="@popSize">
                        <!--distr spec="beast.math.distributions.Uniform" lower="0.0" upper="10.0"/-->
                        <distr spec="beast.math.distributions.LogNormalDistributionModel" M="1.4844" S="0.5"/>
                    </distribution>

                    <distribution spec="beast.math.distributions.Prior" x="@kappa1">
                        <distr spec="beast.math.distributions.LogNormalDistributionModel" M="-1.1250" S="1.5"/>
                    </distribution>


                    <distribution spec="beast.math.distributions.Prior" x="@mut1">
                        <distr spec="beast.math.distributions.LogNormalDistributionModel" M="-6.1165" S="0.5"/>
                    </distribution>

                    <distribution spec="beast.math.distributions.Prior" x="@gam1">
                        <distr spec="beast.math.distributions.Exponential" mean="1"/>
                    </distribution> 
                </distribution>
            </distribution>
        </distribution>


        <operator id="ReassortmentOperator" spec="ScaleOperator"
                  weight="5.0" scaleFactor="0.8"  optimise="true"  parameter="@recombinationRate">
        </operator>
        
        <operator id="RelativeReassortmentOperator" spec="RealRandomWalkOperator"
                  weight="5.0" windowSize="0.8"  useGaussian="true"  parameter="@relativeRecombinationRate">
        </operator>


        <operator id="PopSizeScaler" spec="ScaleOperator"
                  weight="5.0"  scaleFactor="0.8" optimise="true" parameter="@popSize">
        </operator>

        <operator id="Gam1Operator" spec="ScaleOperator" weight="1.0" scaleFactor="0.8"  optimise="true"  parameter="@gam1"/>

        <operator id="Kappa1Operator" spec="ScaleOperator" weight="1.0" scaleFactor="0.8"  optimise="true"  parameter="@kappa1"/>

        <operator id="Mut1Operator" spec="ScaleOperator" weight="1.0" scaleFactor="0.8"  optimise="true"  parameter="@mut1"/>

        <operator id="FrequenciesExchanger.s:1" spec="DeltaExchangeOperator" delta="0.01" weight="0.5" parameter="@freq1"/>

        <operator spec="DivertLociOperator" network="@network" weight="20"/>

        <operator spec="UniformRecombinationNetworkNodeHeightOperator" network="@network" weight="3.0"/>
        <operator spec="RecombinationNetworkScaleOperator" network="@network" scaleRootOnly="true" weight="3.0"/>
        <operator spec="RecombinationNetworkScaleOperator" network="@network" weight="1.0" scaleFactor="0.99"/>

        <operator spec="GibbsOperatorAboveLociRoots" network="@network" weight="1">
          <coalescentWithRecombination idref="coalDensity"/>
        </operator>

        <operator id="updown" spec="RecombinationNetworkScaleOperator" network="@network" weight="3.0" scaleFactor="0.99">
          <upParameter idref="popSize"/>
          <downParameter idref="recombinationRate"/>
          <downParameter idref="mut1"/>
        </operator>

        <operator spec="RecombinationNetworkExchange" isNarrow="true" network="@network" weight="30.0"/>
        <operator spec="RecombinationNetworkExchange" isNarrow="false" network="@network" weight="10.0"/>

        <operator spec="DivertLociOperator" network="@network" weight="30"/>
        <operator spec="SubRecombinationNetworkSlide" network="@network" weight="10.0"/>
        <operator spec="AddRemoveRecombination" network="@network" weight="30" alpha="0.25"/>
        <operator spec="LocalAddRemoveRecombinationCoalescent" coalescentWithRecombination="@coalDensity" network="@network" weight="100"/>


        <logger spec="Logger" logEvery="10000" mode="tree" fileName="$(filebase).trees">
            <log idref="network"/>
        </logger>

        <logger spec="Logger" logEvery="10000" fileName="$(filebase).log">
          <log idref="posterior"/>
          <log idref="likelihood"/>
          <log idref="coalDensity"/>
          <log spec="RecombinationNetworkStatsLogger" recombinationNetwork="@network"/>
          <log spec="LocusStatsLogger" recombinationNetwork="@network" locus="0"/>
          <log spec="LocusStatsLogger" recombinationNetwork="@network" locus="9999"/>
          <log spec="LocusStatsLogger" recombinationNetwork="@network" locus="19999"/>
          <log spec="LocusStatsLogger" recombinationNetwork="@network" locus="29999"/>
          <log idref="recombinationRate"/>
          <log idref="relativeRecombinationRate"/>
          <log idref="popSize"/>
          <log idref="mut1"/>
          <log idref="kappa1"/>
          <log idref="gam1"/>
          <log idref="freq1"/>
        </logger>

        <logger spec="Logger" logEvery="10000">
            <log idref="posterior"/>
            <log idref="likelihood"/>
            <log spec="ESS" arg="@posterior"/>
        </logger>

    </run>
</beast>
