<beast version="2.0"
       namespace="beast.core
                 :beast.core.util
                 :beast.core.parameter
                 :beast.evolution.alignment
                 :beast.evolution.likelihood
                 :beast.evolution.tree
                 :beast.evolution.tree.coalescent
                 :beast.evolution.sitemodel
                 :beast.evolution.substitutionmodel
                 :beast.evolution.operators
                 :beast.math.distributions
                 :feast.simulation
                 :recombination.network
                 :recombination.statistics
                 :recombination.simulator
                 :recombination.operators
                 :recombination.distribution">

    <run spec="GPSimulator" nSims="1">
        <simulationObject id="network_truth" spec="SimulatedCoalescentRecombinationNetworkMultipleBreakPoints" conditionCoalescence="true" fileName="$(filebase).tree" recombinationRatesChangePoints="4000" totalLength="10000">
          <populationModel spec="ConstantPopulation">
              <popSize spec="RealParameter" value="6.3794"/>
          </populationModel>

            <recombinationRate spec="RealParameter" value="5.6549e-05"/>
            <relativeRecombinationRate spec="RealParameter" value="-0.758453297284 -1.109613038502 "/>


            <taxonSet spec="TaxonSet" id="taxonSet">
				<taxon spec="Taxon" id="t1"/>
				<taxon spec="Taxon" id="t2"/>
				<taxon spec="Taxon" id="t3"/>
				<taxon spec="Taxon" id="t4"/>
				<taxon spec="Taxon" id="t5"/>
				<taxon spec="Taxon" id="t6"/>
				<taxon spec="Taxon" id="t7"/>
				<taxon spec="Taxon" id="t8"/>
				<taxon spec="Taxon" id="t9"/>
				<taxon spec="Taxon" id="t10"/>
				<taxon spec="Taxon" id="t11"/>
				<taxon spec="Taxon" id="t12"/>
				<taxon spec="Taxon" id="t13"/>
				<taxon spec="Taxon" id="t14"/>
				<taxon spec="Taxon" id="t15"/>
				<taxon spec="Taxon" id="t16"/>
				<taxon spec="Taxon" id="t17"/>
				<taxon spec="Taxon" id="t18"/>
				<taxon spec="Taxon" id="t19"/>
				<taxon spec="Taxon" id="t20"/>
				<taxon spec="Taxon" id="t21"/>
				<taxon spec="Taxon" id="t22"/>
				<taxon spec="Taxon" id="t23"/>
				<taxon spec="Taxon" id="t24"/>
				<taxon spec="Taxon" id="t25"/>
				<taxon spec="Taxon" id="t26"/>
				<taxon spec="Taxon" id="t27"/>
				<taxon spec="Taxon" id="t28"/>
				<taxon spec="Taxon" id="t29"/>
				<taxon spec="Taxon" id="t30"/>
				<taxon spec="Taxon" id="t31"/>
				<taxon spec="Taxon" id="t32"/>
				<taxon spec="Taxon" id="t33"/>
				<taxon spec="Taxon" id="t34"/>
				<taxon spec="Taxon" id="t35"/>
				<taxon spec="Taxon" id="t36"/>
				<taxon spec="Taxon" id="t37"/>
				<taxon spec="Taxon" id="t38"/>
				<taxon spec="Taxon" id="t39"/>
				<taxon spec="Taxon" id="t40"/>
				<taxon spec="Taxon" id="t41"/>
				<taxon spec="Taxon" id="t42"/>
				<taxon spec="Taxon" id="t43"/>
				<taxon spec="Taxon" id="t44"/>
				<taxon spec="Taxon" id="t45"/>
				<taxon spec="Taxon" id="t46"/>
				<taxon spec="Taxon" id="t47"/>
				<taxon spec="Taxon" id="t48"/>
				<taxon spec="Taxon" id="t49"/>
				<taxon spec="Taxon" id="t50"/>
            </taxonSet>

            <traitSet spec="TraitSet" traitname="date-backward" id="traitSet">
				t1=26.343523,
				t2=0.821628,
				t3=20.114025,
				t4=12.519144,
				t5=16.760695,
				t6=4.211608,
				t7=5.943045,
				t8=24.022337,
				t9=29.047847,
				t10=9.402725,
				t11=20.769678,
				t12=26.291675,
				t13=26.838200,
				t14=2.551326,
				t15=1.171643,
				t16=5.094913,
				t17=26.344275,
				t18=2.950405,
				t19=12.633229,
				t20=28.736686,
				t21=15.994959,
				t22=20.756313,
				t23=9.465469,
				t24=20.595028,
				t25=25.038770,
				t26=0.548648,
				t27=22.504329,
				t28=29.665833,
				t29=22.444970,
				t30=8.413320,
				t31=23.678380,
				t32=3.096780,
				t33=13.436806,
				t34=27.257865,
				t35=8.808424,
				t36=8.633260,
				t37=3.900857,
				t38=0.581009,
				t39=20.365066,
				t40=6.348843,
				t41=7.966400,
				t42=14.747195,
				t43=1.600876,
				t44=17.223528,
				t45=4.401857,
				t46=17.679166,
				t47=20.992751,
				t48=3.070033,
				t49=12.421680,
				t50=20.832005
              <taxa idref="taxonSet"/>
            </traitSet>
        </simulationObject>

        <simulationObject id="seg1align" spec="recombination.util.SimulatedNetworkAlignment" outputFileName="$(filebase).nexus"
                   recombinationNetwork="@network_truth">
             <siteModel spec="SiteModel"  gammaCategoryCount="4">
                <shape spec="RealParameter" value="1.5874"/>
                <mutationRate spec="RealParameter" value="0.00053021"/>
                <substModel spec="HKY">
                  <frequencies spec="Frequencies">
                    <frequencies spec="RealParameter" value="0.1945      0.2641      0.2055      0.3359"/>
                  </frequencies>
                  <kappa spec="RealParameter" value="0.091325"/>
                </substModel>
              </siteModel>
        </simulationObject>


    </run>

</beast>
